# specimen,C1,record_name,P2-06,instrument_id,C(260917B)-XRR,raw_file,XRR 1_C(260917B)-XRR.xrdml,role,single carbon film on glass; baseline round 3,points,2891
two_theta_deg,intensity_counts
0.09550,338638.0
0.09850,346785.0
0.10150,356156.0
0.10450,365518.0
0.10750,376288.0
0.11050,388817.0
0.11350,400235.0
0.11650,411270.0
0.11950,421649.0
0.12250,430938.0
0.12550,442496.0
0.12850,451973.0
0.13150,459865.0
0.13450,471028.0
0.13750,482907.0
0.14050,492832.0
0.14350,503441.0
0.14650,509887.0
0.14950,519197.0
0.15250,528014.0
0.15550,536065.0
0.15850,545934.0
0.16150,558207.0
0.16450,567955.0
0.16750,578401.0
0.17050,589472.0
0.17350,596702.0
0.17650,606891.0
0.17950,614403.0
0.18250,622054.0
0.18550,630586.0
0.18850,640485.0
0.19150,648211.0
0.19450,657265.0
0.19750,665897.0
0.20050,671664.0
0.20350,679221.0
0.20650,682070.0
0.20950,689922.0
0.21250,700904.0
0.21550,713848.0
0.21850,720941.0
0.22150,728536.0
0.22450,734243.0
0.22750,740935.0
0.23050,746403.0
0.23350,751531.0
0.23650,758594.0
0.23950,766435.0
0.24250,772200.0
0.24550,779879.0
0.24850,782723.0
0.25150,789113.0
0.25450,793760.0
0.25750,797284.0
0.26050,802732.0
0.26350,808705.0
0.26650,819252.0
0.26950,824944.0
0.27250,830176.0
0.27550,833289.0
0.27850,838185.0
0.28150,842503.0
0.28450,845515.0
0.28750,848359.0
0.29050,855185.0
0.29350,859664.0
0.29650,864413.0
0.29950,866443.0
0.30250,869248.0
0.30550,871941.0
0.30850,872709.0
0.31150,875126.0
0.31450,882139.0
0.31750,886389.0
0.32050,891459.0
0.32350,895427.0
0.32650,896993.0
0.32950,901816.0
0.33250,901928.0
0.33550,904341.0
0.33850,904441.0
0.34150,908441.0
0.34450,911871.0
0.34750,913829.0
0.35050,916136.0
0.35350,917662.0
0.35650,917044.0
0.35950,919954.0
0.36250,919875.0
0.36550,921599.0
0.36850,923668.0
0.37150,927009.0
0.37450,927993.0
0.37750,927667.0
0.38050,927914.0
0.38350,927525.0
0.38650,926734.0
0.38950,927567.0
0.39250,925655.0
0.39550,924941.0
0.39850,923247.0
0.40150,921963.0
0.40450,919134.0
0.40750,913572.0
0.41050,907096.0
0.41350,901903.0
0.41650,894673.0
0.41950,884944.0
0.42250,872364.0
0.42550,852006.0
0.42850,826555.0
0.43150,793534.0
0.43450,750980.0
0.43750,698225.0
0.44050,636768.0
0.44350,572164.0
0.44650,502961.0
0.44950,435519.0
0.45250,374199.0
0.45550,323555.0
0.45850,284492.0
0.46150,261494.0
0.46450,247363.0
0.46750,239636.0
0.47050,232333.0
0.47350,223031.0
0.47650,212327.0
0.47950,200300.0
0.48250,187271.0
0.48550,174369.0
0.48850,164010.0
0.49150,154047.0
0.49450,145189.0
0.49750,137335.0
0.50050,129552.0
0.50350,123228.0
0.50650,117210.0
0.50950,111067.0
0.51250,104777.0
0.51550,100201.0
0.51850,94984.0
0.52150,90732.0
0.52450,85904.0
0.52750,81620.0
0.53050,76618.0
0.53350,71949.0
0.53650,68050.0
0.53950,63629.0
0.54250,59599.0
0.54550,55385.0
0.54850,51772.0
0.55150,47944.0
0.55450,44080.0
0.55750,40571.0
0.56050,36453.0
0.56350,32889.0
0.56650,30091.0
0.56950,27048.0
0.57250,24404.0
0.57550,21583.0
0.57850,19134.0
0.58150,16901.0
0.58450,14824.0
0.58750,12783.0
0.59050,11163.0
0.59350,9415.0
0.59650,8489.0
0.59950,7353.0
0.60250,6387.0
0.60550,5747.0
0.60850,5026.0
0.61150,4739.0
0.61450,4711.0
0.61750,4535.0
0.62050,4579.0
0.62350,4940.0
0.62650,5394.0
0.62950,5735.0
0.63250,6221.0
0.63550,6831.0
0.63850,7518.0
0.64150,8157.0
0.64450,8872.0
0.64750,9514.0
0.65050,10239.0
0.65350,11092.0
0.65650,11636.0
0.65950,12268.0
0.66250,12892.0
0.66550,13722.0
0.66850,14528.0
0.67150,14716.0
0.67450,15186.0
0.67750,15516.0
0.68050,15976.0
0.68350,16135.0
0.68650,16495.0
0.68950,16841.0
0.69250,16705.0
0.69550,16991.0
0.69850,16879.0
0.70150,16872.0
0.70450,16762.0
0.70750,16332.0
0.71050,16451.0
0.71350,16076.0
0.71650,15529.0
0.71950,15211.0
0.72250,15096.0
0.72550,14733.0
0.72850,14278.0
0.73150,13675.0
0.73450,13111.0
0.73750,12607.0
0.74050,12072.0
0.74350,11519.0
0.74650,11050.0
0.74950,10220.0
0.75250,9726.0
0.75550,9201.0
0.75850,8730.0
0.76150,8203.0
0.76450,7532.0
0.76750,7107.0
0.77050,6610.0
0.77350,6054.0
0.77650,5610.0
0.77950,5098.0
0.78250,4773.0
0.78550,4242.0
0.78850,3771.0
0.79150,3409.0
0.79450,3095.0
0.79750,2783.0
0.80050,2445.0
0.80350,2197.0
0.80650,1955.0
0.80950,1657.0
0.81250,1412.0
0.81550,1248.0
0.81850,1091.0
0.82150,949.0
0.82450,886.0
0.82750,745.0
0.83050,714.0
0.83350,670.0
0.83650,645.0
0.83950,643.0
0.84250,645.0
0.84550,704.0
0.84850,743.0
0.85150,819.0
0.85450,909.0
0.85750,1034.0
0.86050,1107.0
0.86350,1248.0
0.86650,1303.0
0.86950,1452.0
0.87250,1516.0
0.87550,1797.0
0.87850,1895.0
0.88150,1984.0
0.88450,2308.0
0.88750,2310.0
0.89050,2510.0
0.89350,2688.0
0.89650,2814.0
0.89950,2910.0
0.90250,3043.0
0.90550,3257.0
0.90850,3329.0
0.91150,3476.0
0.91450,3471.0
0.91750,3620.0
0.92050,3659.0
0.92350,3654.0
0.92650,3883.0
0.92950,3919.0
0.93250,3942.0
0.93550,4091.0
0.93850,3947.0
0.94150,4012.0
0.94450,4089.0
0.94750,3904.0
0.95050,4037.0
0.95350,4003.0
0.95650,3866.0
0.95950,3845.0
0.96250,3771.0
0.96550,3643.0
0.96850,3558.0
0.97150,3519.0
0.97450,3470.0
0.97750,3317.0
0.98050,3356.0
0.98350,3200.0
0.98650,3051.0
0.98950,2890.0
0.99250,2768.0
0.99550,2726.0
0.99850,2523.0
1.00150,2384.0
1.00450,2333.0
1.00750,2144.0
1.01050,2084.0
1.01350,1965.0
1.01650,1903.0
1.01950,1651.0
1.02250,1564.0
1.02550,1516.0
1.02850,1413.0
1.03150,1230.0
1.03450,1066.0
1.03750,1040.0
1.04050,970.0
1.04350,848.0
1.04650,763.0
1.04950,684.0
1.05250,622.0
1.05550,531.0
1.05850,480.0
1.06150,418.0
1.06450,361.0
1.06750,354.0
1.07050,307.0
1.07350,267.0
1.07650,224.0
1.07950,198.0
1.08250,189.0
1.08550,172.0
1.08850,170.0
1.09150,177.0
1.09450,174.0
1.09750,201.0
1.10050,216.0
1.10350,178.0
1.10650,213.0
1.10950,264.0
1.11250,302.0
1.11550,367.0
1.11850,332.0
1.12150,422.0
1.12450,400.0
1.12750,469.0
1.13050,517.0
1.13350,530.0
1.13650,608.0
1.13950,616.0
1.14250,717.0
1.14550,735.0
1.14850,768.0
1.15150,808.0
1.15450,884.0
1.15750,873.0
1.16050,946.0
1.16350,1021.0
1.16650,988.0
1.16950,1048.0
1.17250,1059.0
1.17550,1146.0
1.17850,1154.0
1.18150,1133.0
1.18450,1184.0
1.18750,1202.0
1.19050,1239.0
1.19350,1254.0
1.19650,1268.0
1.19950,1238.0
1.20250,1215.0
1.20550,1309.0
1.20850,1323.0
1.21150,1196.0
1.21450,1259.0
1.21750,1260.0
1.22050,1158.0
1.22350,1225.0
1.22650,1190.0
1.22950,1182.0
1.23250,1180.0
1.23550,1098.0
1.23850,1105.0
1.24150,1092.0
1.24450,991.0
1.24750,1014.0
1.25050,990.0
1.25350,945.0
1.25650,921.0
1.25950,874.0
1.26250,925.0
1.26550,816.0
1.26850,726.0
1.27150,733.0
1.27450,680.0
1.27750,618.0
1.28050,627.0
1.28350,579.0
1.28650,558.0
1.28950,523.0
1.29250,514.0
1.29550,453.0
1.29850,404.0
1.30150,357.0
1.30450,307.0
1.30750,274.0
1.31050,277.0
1.31350,225.0
1.31650,250.0
1.31950,221.0
1.32250,155.0
1.32550,168.0
1.32850,147.0
1.33150,147.0
1.33450,119.0
1.33750,105.0
1.34050,78.0
1.34350,113.0
1.34650,87.0
1.34950,75.0
1.35250,73.0
1.35550,60.0
1.35850,85.0
1.36150,76.0
1.36450,66.0
1.36750,85.0
1.37050,85.0
1.37350,69.0
1.37650,91.0
1.37950,105.0
1.38250,115.0
1.38550,125.0
1.38850,125.0
1.39150,138.0
1.39450,162.0
1.39750,185.0
1.40050,196.0
1.40350,206.0
1.40650,221.0
1.40950,229.0
1.41250,220.0
1.41550,281.0
1.41850,290.0
1.42150,325.0
1.42450,250.0
1.42750,329.0
1.43050,344.0
1.43350,348.0
1.43650,355.0
1.43950,376.0
1.44250,388.0
1.44550,428.0
1.44850,417.0
1.45150,405.0
1.45450,462.0
1.45750,470.0
1.46050,394.0
1.46350,428.0
1.46650,462.0
1.46950,444.0
1.47250,506.0
1.47550,425.0
1.47850,447.0
1.48150,456.0
1.48450,464.0
1.48750,469.0
1.49050,444.0
1.49350,416.0
1.49650,445.0
1.49950,435.0
1.50250,436.0
1.50550,429.0
1.50850,429.0
1.51150,399.0
1.51450,384.0
1.51750,414.0
1.52050,378.0
1.52350,374.0
1.52650,366.0
1.52950,338.0
1.53250,361.0
1.53550,335.0
1.53850,310.0
1.54150,325.0
1.54450,286.0
1.54750,273.0
1.55050,234.0
1.55350,223.0
1.55650,226.0
1.55950,218.0
1.56250,214.0
1.56550,186.0
1.56850,189.0
1.57150,177.0
1.57450,169.0
1.57750,151.0
1.58050,119.0
1.58350,129.0
1.58650,115.0
1.58950,105.0
1.59250,89.0
1.59550,69.0
1.59850,78.0
1.60150,78.0
1.60450,63.0
1.60750,62.0
1.61050,45.0
1.61350,46.0
1.61650,51.0
1.61950,38.0
1.62250,37.0
1.62550,32.0
1.62850,40.0
1.63150,24.0
1.63450,31.0
1.63750,38.0
1.64050,36.0
1.64350,39.0
1.64650,36.0
1.64950,40.0
1.65250,49.0
1.65550,40.0
1.65850,51.0
1.66150,53.0
1.66450,59.0
1.66750,69.0
1.67050,72.0
1.67350,91.0
1.67650,71.0
1.67950,91.0
1.68250,89.0
1.68550,107.0
1.68850,105.0
1.69150,118.0
1.69450,125.0
1.69750,134.0
1.70050,124.0
1.70350,143.0
1.70650,157.0
1.70950,136.0
1.71250,187.0
1.71550,163.0
1.71850,166.0
1.72150,190.0
1.72450,159.0
1.72750,169.0
1.73050,219.0
1.73350,168.0
1.73650,198.0
1.73950,207.0
1.74250,210.0
1.74550,190.0
1.74850,208.0
1.75150,209.0
1.75450,198.0
1.75750,170.0
1.76050,179.0
1.76350,204.0
1.76650,207.0
1.76950,184.0
1.77250,182.0
1.77550,188.0
1.77850,186.0
1.78150,217.0
1.78450,175.0
1.78750,191.0
1.79050,156.0
1.79350,157.0
1.79650,171.0
1.79950,183.0
1.80250,172.0
1.80550,157.0
1.80850,137.0
1.81150,153.0
1.81450,150.0
1.81750,128.0
1.82050,141.0
1.82350,124.0
1.82650,116.0
1.82950,118.0
1.83250,91.0
1.83550,109.0
1.83850,107.0
1.84150,91.0
1.84450,69.0
1.84750,49.0
1.85050,70.0
1.85350,62.0
1.85650,45.0
1.85950,51.0
1.86250,48.0
1.86550,49.0
1.86850,38.0
1.87150,38.0
1.87450,27.0
1.87750,37.0
1.88050,27.0
1.88350,23.0
1.88650,27.0
1.88950,26.0
1.89250,14.0
1.89550,13.0
1.89850,17.0
1.90150,20.0
1.90450,23.0
1.90750,24.0
1.91050,15.0
1.91350,20.0
1.91650,25.0
1.91950,15.0
1.92250,31.0
1.92550,25.0
1.92850,12.0
1.93150,25.0
1.93450,32.0
1.93750,33.0
1.94050,21.0
1.94350,32.0
1.94650,32.0
1.94950,27.0
1.95250,48.0
1.95550,37.0
1.95850,49.0
1.96150,63.0
1.96450,46.0
1.96750,46.0
1.97050,59.0
1.97350,55.0
1.97650,68.0
1.97950,67.0
1.98250,66.0
1.98550,81.0
1.98850,89.0
1.99150,64.0
1.99450,76.0
1.99750,75.0
2.00050,82.0
2.00350,97.0
2.00650,85.0
2.00950,88.0
2.01250,78.0
2.01550,91.0
2.01850,117.0
2.02150,95.0
2.02450,95.0
2.02750,91.0
2.03050,89.0
2.03350,94.0
2.03650,95.0
2.03950,88.0
2.04250,81.0
2.04550,100.0
2.04850,100.0
2.05150,88.0
2.05450,86.0
2.05750,81.0
2.06050,65.0
2.06350,69.0
2.06650,74.0
2.06950,71.0
2.07250,88.0
2.07550,73.0
2.07850,71.0
2.08150,64.0
2.08450,45.0
2.08750,53.0
2.09050,60.0
2.09350,66.0
2.09650,49.0
2.09950,51.0
2.10250,50.0
2.10550,42.0
2.10850,32.0
2.11150,36.0
2.11450,38.0
2.11750,33.0
2.12050,34.0
2.12350,28.0
2.12650,25.0
2.12950,26.0
2.13250,30.0
2.13550,19.0
2.13850,27.0
2.14150,19.0
2.14450,23.0
2.14750,17.0
2.15050,12.0
2.15350,14.0
2.15650,10.0
2.15950,13.0
2.16250,8.0
2.16550,7.0
2.16850,5.0
2.17150,10.0
2.17450,6.0
2.17750,7.0
2.18050,6.0
2.18350,8.0
2.18650,9.0
2.18950,12.0
2.19250,8.0
2.19550,5.0
2.19850,3.0
2.20150,7.0
2.20450,10.0
2.20750,7.0
2.21050,6.0
2.21350,11.0
2.21650,12.0
2.21950,14.0
2.22250,12.0
2.22550,21.0
2.22850,15.0
2.23150,22.0
2.23450,12.0
2.23750,17.0
2.24050,17.0
2.24350,23.0
2.24650,14.0
2.24950,24.0
2.25250,28.0
2.25550,22.0
2.25850,22.0
2.26150,20.0
2.26450,34.0
2.26750,24.0
2.27050,23.0
2.27350,25.0
2.27650,22.0
2.27950,23.0
2.28250,24.0
2.28550,29.0
2.28850,32.0
2.29150,39.0
2.29450,33.0
2.29750,35.0
2.30050,41.0
2.30350,25.0
2.30650,42.0
2.30950,37.0
2.31250,22.0
2.31550,22.0
2.31850,37.0
2.32150,36.0
2.32450,34.0
2.32750,32.0
2.33050,33.0
2.33350,22.0
2.33650,35.0
2.33950,18.0
2.34250,31.0
2.34550,38.0
2.34850,23.0
2.35150,29.0
2.35450,25.0
2.35750,14.0
2.36050,19.0
2.36350,21.0
2.36650,23.0
2.36950,23.0
2.37250,19.0
2.37550,15.0
2.37850,15.0
2.38150,16.0
2.38450,25.0
2.38750,15.0
2.39050,15.0
2.39350,13.0
2.39650,7.0
2.39950,7.0
2.40250,11.0
2.40550,10.0
2.40850,10.0
2.41150,12.0
2.41450,6.0
2.41750,9.0
2.42050,11.0
2.42350,5.0
2.42650,2.0
2.42950,3.0
2.43250,5.0
2.43550,5.0
2.43850,2.0
2.44150,2.0
2.44450,2.0
2.44750,4.0
2.45050,1.0
2.45350,0.0
2.45650,3.0
2.45950,3.0
2.46250,4.0
2.46550,3.0
2.46850,1.0
2.47150,0.0
2.47450,2.0
2.47750,2.0
2.48050,3.0
2.48350,4.0
2.48650,3.0
2.48950,3.0
2.49250,6.0
2.49550,1.0
2.49850,3.0
2.50150,3.0
2.50450,7.0
2.50750,3.0
2.51050,10.0
2.51350,4.0
2.51650,7.0
2.51950,4.0
2.52250,10.0
2.52550,5.0
2.52850,8.0
2.53150,10.0
2.53450,14.0
2.53750,5.0
2.54050,15.0
2.54350,5.0
2.54650,5.0
2.54950,8.0
2.55250,9.0
2.55550,9.0
2.55850,11.0
2.56150,7.0
2.56450,9.0
2.56750,12.0
2.57050,4.0
2.57350,8.0
2.57650,10.0
2.57950,16.0
2.58250,11.0
2.58550,4.0
2.58850,20.0
2.59150,16.0
2.59450,8.0
2.59750,12.0
2.60050,13.0
2.60350,10.0
2.60650,15.0
2.60950,6.0
2.61250,10.0
2.61550,13.0
2.61850,8.0
2.62150,23.0
2.62450,12.0
2.62750,12.0
2.63050,17.0
2.63350,9.0
2.63650,7.0
2.63950,6.0
2.64250,12.0
2.64550,12.0
2.64850,7.0
2.65150,7.0
2.65450,5.0
2.65750,7.0
2.66050,8.0
2.66350,6.0
2.66650,6.0
2.66950,7.0
2.67250,7.0
2.67550,6.0
2.67850,8.0
2.68150,5.0
2.68450,7.0
2.68750,3.0
2.69050,3.0
2.69350,7.0
2.69650,4.0
2.69950,4.0
2.70250,4.0
2.70550,4.0
2.70850,6.0
2.71150,4.0
2.71450,3.0
2.71750,1.0
2.72050,3.0
2.72350,2.0
2.72650,3.0
2.72950,3.0
2.73250,1.0
2.73550,0.0
2.73850,0.0
2.74150,0.0
2.74450,3.0
2.74750,0.0
2.75050,3.0
2.75350,1.0
2.75650,0.0
2.75950,1.0
2.76250,1.0
2.76550,3.0
2.76850,0.0
2.77150,2.0
2.77450,1.0
2.77750,0.0
2.78050,2.0
2.78350,1.0
2.78650,1.0
2.78950,1.0
2.79250,1.0
2.79550,4.0
2.79850,4.0
2.80150,1.0
2.80450,0.0
2.80750,1.0
2.81050,1.0
2.81350,4.0
2.81650,1.0
2.81950,4.0
2.82250,1.0
2.82550,2.0
2.82850,1.0
2.83150,2.0
2.83450,2.0
2.83750,10.0
2.84050,4.0
2.84350,3.0
2.84650,3.0
2.84950,2.0
2.85250,5.0
2.85550,5.0
2.85850,4.0
2.86150,1.0
2.86450,6.0
2.86750,3.0
2.87050,5.0
2.87350,5.0
2.87650,4.0
2.87950,3.0
2.88250,3.0
2.88550,4.0
2.88850,4.0
2.89150,6.0
2.89450,10.0
2.89750,4.0
2.90050,4.0
2.90350,3.0
2.90650,6.0
2.90950,3.0
2.91250,5.0
2.91550,5.0
2.91850,7.0
2.92150,6.0
2.92450,3.0
2.92750,1.0
2.93050,4.0
2.93350,7.0
2.93650,6.0
2.93950,7.0
2.94250,2.0
2.94550,6.0
2.94850,3.0
2.95150,4.0
2.95450,5.0
2.95750,1.0
2.96050,1.0
2.96350,5.0
2.96650,3.0
2.96950,3.0
2.97250,3.0
2.97550,2.0
2.97850,0.0
2.98150,2.0
2.98450,3.0
2.98750,2.0
2.99050,2.0
2.99350,5.0
2.99650,2.0
2.99950,5.0
3.00250,3.0
3.00550,1.0
3.00850,3.0
3.01150,0.0
3.01450,0.0
3.01750,2.0
3.02050,0.0
3.02350,0.0
3.02650,2.0
3.02950,1.0
3.03250,0.0
3.03550,1.0
3.03850,0.0
3.04150,0.0
3.04450,1.0
3.04750,1.0
3.05050,2.0
3.05350,0.0
3.05650,2.0
3.05950,1.0
3.06250,0.0
3.06550,1.0
3.06850,1.0
3.07150,0.0
3.07450,0.0
3.07750,1.0
3.08050,2.0
3.08350,1.0
3.08650,3.0
3.08950,0.0
3.09250,0.0
3.09550,3.0
3.09850,3.0
3.10150,3.0
3.10450,3.0
3.10750,0.0
3.11050,0.0
3.11350,4.0
3.11650,1.0
3.11950,2.0
3.12250,2.0
3.12550,4.0
3.12850,3.0
3.13150,4.0
3.13450,0.0
3.13750,3.0
3.14050,3.0
3.14350,6.0
3.14650,1.0
3.14950,0.0
3.15250,2.0
3.15550,1.0
3.15850,6.0
3.16150,5.0
3.16450,0.0
3.16750,2.0
3.17050,2.0
3.17350,2.0
3.17650,1.0
3.17950,8.0
3.18250,1.0
3.18550,1.0
3.18850,4.0
3.19150,4.0
3.19450,2.0
3.19750,2.0
3.20050,5.0
3.20350,3.0
3.20650,1.0
3.20950,1.0
3.21250,3.0
3.21550,2.0
3.21850,7.0
3.22150,0.0
3.22450,0.0
3.22750,4.0
3.23050,2.0
3.23350,1.0
3.23650,2.0
3.23950,1.0
3.24250,2.0
3.24550,3.0
3.24850,7.0
3.25150,0.0
3.25450,0.0
3.25750,1.0
3.26050,0.0
3.26350,1.0
3.26650,2.0
3.26950,1.0
3.27250,2.0
3.27550,4.0
3.27850,0.0
3.28150,2.0
3.28450,1.0
3.28750,2.0
3.29050,1.0
3.29350,2.0
3.29650,1.0
3.29950,0.0
3.30250,3.0
3.30550,2.0
3.30850,2.0
3.31150,2.0
3.31450,2.0
3.31750,0.0
3.32050,0.0
3.32350,2.0
3.32650,0.0
3.32950,0.0
3.33250,1.0
3.33550,0.0
3.33850,0.0
3.34150,2.0
3.34450,0.0
3.34750,0.0
3.35050,3.0
3.35350,0.0
3.35650,1.0
3.35950,0.0
3.36250,2.0
3.36550,0.0
3.36850,0.0
3.37150,0.0
3.37450,1.0
3.37750,1.0
3.38050,0.0
3.38350,1.0
3.38650,0.0
3.38950,3.0
3.39250,3.0
3.39550,4.0
3.39850,0.0
3.40150,1.0
3.40450,3.0
3.40750,3.0
3.41050,1.0
3.41350,1.0
3.41650,1.0
3.41950,0.0
3.42250,2.0
3.42550,3.0
3.42850,2.0
3.43150,0.0
3.43450,1.0
3.43750,2.0
3.44050,2.0
3.44350,8.0
3.44650,1.0
3.44950,1.0
3.45250,3.0
3.45550,0.0
3.45850,2.0
3.46150,1.0
3.46450,3.0
3.46750,2.0
3.47050,1.0
3.47350,3.0
3.47650,1.0
3.47950,1.0
3.48250,1.0
3.48550,2.0
3.48850,1.0
3.49150,2.0
3.49450,0.0
3.49750,2.0
3.50050,2.0
3.50350,1.0
3.50650,0.0
3.50950,1.0
3.51250,2.0
3.51550,3.0
3.51850,1.0
3.52150,2.0
3.52450,3.0
3.52750,1.0
3.53050,2.0
3.53350,1.0
3.53650,0.0
3.53950,1.0
3.54250,2.0
3.54550,0.0
3.54850,0.0
3.55150,1.0
3.55450,0.0
3.55750,0.0
3.56050,1.0
3.56350,0.0
3.56650,1.0
3.56950,0.0
3.57250,2.0
3.57550,0.0
3.57850,0.0
3.58150,0.0
3.58450,4.0
3.58750,0.0
3.59050,1.0
3.59350,1.0
3.59650,0.0
3.59950,0.0
3.60250,0.0
3.60550,1.0
3.60850,0.0
3.61150,0.0
3.61450,0.0
3.61750,0.0
3.62050,1.0
3.62350,1.0
3.62650,0.0
3.62950,0.0
3.63250,2.0
3.63550,0.0
3.63850,1.0
3.64150,0.0
3.64450,1.0
3.64750,1.0
3.65050,1.0
3.65350,3.0
3.65650,4.0
3.65950,0.0
3.66250,0.0
3.66550,0.0
3.66850,0.0
3.67150,1.0
3.67450,1.0
3.67750,1.0
3.68050,0.0
3.68350,0.0
3.68650,5.0
3.68950,1.0
3.69250,1.0
3.69550,1.0
3.69850,3.0
3.70150,1.0
3.70450,3.0
3.70750,1.0
3.71050,1.0
3.71350,1.0
3.71650,1.0
3.71950,1.0
3.72250,0.0
3.72550,2.0
3.72850,2.0
3.73150,0.0
3.73450,0.0
3.73750,0.0
3.74050,2.0
3.74350,1.0
3.74650,2.0
3.74950,1.0
3.75250,0.0
3.75550,1.0
3.75850,1.0
3.76150,1.0
3.76450,0.0
3.76750,1.0
3.77050,1.0
3.77350,2.0
3.77650,1.0
3.77950,1.0
3.78250,1.0
3.78550,1.0
3.78850,0.0
3.79150,1.0
3.79450,3.0
3.79750,0.0
3.80050,4.0
3.80350,0.0
3.80650,1.0
3.80950,2.0
3.81250,0.0
3.81550,2.0
3.81850,2.0
3.82150,0.0
3.82450,0.0
3.82750,1.0
3.83050,1.0
3.83350,0.0
3.83650,1.0
3.83950,1.0
3.84250,1.0
3.84550,3.0
3.84850,0.0
3.85150,1.0
3.85450,0.0
3.85750,1.0
3.86050,1.0
3.86350,0.0
3.86650,2.0
3.86950,2.0
3.87250,1.0
3.87550,0.0
3.87850,0.0
3.88150,0.0
3.88450,1.0
3.88750,2.0
3.89050,1.0
3.89350,0.0
3.89650,0.0
3.89950,1.0
3.90250,0.0
3.90550,0.0
3.90850,0.0
3.91150,1.0
3.91450,0.0
3.91750,0.0
3.92050,1.0
3.92350,1.0
3.92650,1.0
3.92950,0.0
3.93250,0.0
3.93550,0.0
3.93850,0.0
3.94150,0.0
3.94450,0.0
3.94750,0.0
3.95050,0.0
3.95350,1.0
3.95650,1.0
3.95950,1.0
3.96250,0.0
3.96550,1.0
3.96850,2.0
3.97150,1.0
3.97450,1.0
3.97750,1.0
3.98050,3.0
3.98350,2.0
3.98650,0.0
3.98950,0.0
3.99250,1.0
3.99550,0.0
3.99850,0.0
4.00150,1.0
4.00450,1.0
4.00750,0.0
4.01050,2.0
4.01350,0.0
4.01650,0.0
4.01950,1.0
4.02250,0.0
4.02550,0.0
4.02850,0.0
4.03150,0.0
4.03450,1.0
4.03750,0.0
4.04050,1.0
4.04350,0.0
4.04650,1.0
4.04950,1.0
4.05250,0.0
4.05550,1.0
4.05850,1.0
4.06150,0.0
4.06450,0.0
4.06750,0.0
4.07050,0.0
4.07350,0.0
4.07650,1.0
4.07950,0.0
4.08250,2.0
4.08550,0.0
4.08850,0.0
4.09150,0.0
4.09450,0.0
4.09750,0.0
4.10050,0.0
4.10350,0.0
4.10650,0.0
4.10950,1.0
4.11250,0.0
4.11550,0.0
4.11850,0.0
4.12150,2.0
4.12450,0.0
4.12750,0.0
4.13050,1.0
4.13350,0.0
4.13650,0.0
4.13950,0.0
4.14250,0.0
4.14550,1.0
4.14850,1.0
4.15150,1.0
4.15450,0.0
4.15750,2.0
4.16050,0.0
4.16350,0.0
4.16650,0.0
4.16950,1.0
4.17250,1.0
4.17550,1.0
4.17850,0.0
4.18150,0.0
4.18450,0.0
4.18750,0.0
4.19050,0.0
4.19350,1.0
4.19650,0.0
4.19950,0.0
4.20250,0.0
4.20550,0.0
4.20850,0.0
4.21150,1.0
4.21450,1.0
4.21750,0.0
4.22050,0.0
4.22350,2.0
4.22650,0.0
4.22950,0.0
4.23250,2.0
4.23550,1.0
4.23850,1.0
4.24150,0.0
4.24450,0.0
4.24750,0.0
4.25050,3.0
4.25350,0.0
4.25650,0.0
4.25950,1.0
4.26250,0.0
4.26550,1.0
4.26850,2.0
4.27150,0.0
4.27450,1.0
4.27750,0.0
4.28050,0.0
4.28350,1.0
4.28650,0.0
4.28950,2.0
4.29250,0.0
4.29550,0.0
4.29850,0.0
4.30150,1.0
4.30450,0.0
4.30750,0.0
4.31050,0.0
4.31350,0.0
4.31650,0.0
4.31950,1.0
4.32250,0.0
4.32550,3.0
4.32850,1.0
4.33150,1.0
4.33450,0.0
4.33750,1.0
4.34050,1.0
4.34350,0.0
4.34650,0.0
4.34950,2.0
4.35250,1.0
4.35550,0.0
4.35850,0.0
4.36150,0.0
4.36450,0.0
4.36750,0.0
4.37050,0.0
4.37350,0.0
4.37650,2.0
4.37950,0.0
4.38250,0.0
4.38550,0.0
4.38850,1.0
4.39150,0.0
4.39450,0.0
4.39750,0.0
4.40050,0.0
4.40350,0.0
4.40650,0.0
4.40950,1.0
4.41250,1.0
4.41550,0.0
4.41850,0.0
4.42150,2.0
4.42450,0.0
4.42750,0.0
4.43050,0.0
4.43350,1.0
4.43650,0.0
4.43950,1.0
4.44250,0.0
4.44550,0.0
4.44850,0.0
4.45150,0.0
4.45450,2.0
4.45750,0.0
4.46050,0.0
4.46350,0.0
4.46650,0.0
4.46950,0.0
4.47250,0.0
4.47550,0.0
4.47850,0.0
4.48150,0.0
4.48450,0.0
4.48750,0.0
4.49050,0.0
4.49350,0.0
4.49650,1.0
4.49950,1.0
4.50250,1.0
4.50550,0.0
4.50850,0.0
4.51150,0.0
4.51450,0.0
4.51750,0.0
4.52050,0.0
4.52350,1.0
4.52650,0.0
4.52950,1.0
4.53250,0.0
4.53550,1.0
4.53850,0.0
4.54150,2.0
4.54450,1.0
4.54750,0.0
4.55050,0.0
4.55350,0.0
4.55650,0.0
4.55950,0.0
4.56250,1.0
4.56550,0.0
4.56850,0.0
4.57150,0.0
4.57450,0.0
4.57750,1.0
4.58050,0.0
4.58350,0.0
4.58650,0.0
4.58950,1.0
4.59250,1.0
4.59550,0.0
4.59850,0.0
4.60150,1.0
4.60450,0.0
4.60750,0.0
4.61050,0.0
4.61350,0.0
4.61650,0.0
4.61950,0.0
4.62250,0.0
4.62550,0.0
4.62850,2.0
4.63150,2.0
4.63450,0.0
4.63750,0.0
4.64050,1.0
4.64350,1.0
4.64650,1.0
4.64950,0.0
4.65250,2.0
4.65550,1.0
4.65850,0.0
4.66150,2.0
4.66450,0.0
4.66750,0.0
4.67050,0.0
4.67350,0.0
4.67650,0.0
4.67950,0.0
4.68250,0.0
4.68550,1.0
4.68850,1.0
4.69150,0.0
4.69450,0.0
4.69750,0.0
4.70050,0.0
4.70350,1.0
4.70650,0.0
4.70950,0.0
4.71250,0.0
4.71550,0.0
4.71850,1.0
4.72150,0.0
4.72450,0.0
4.72750,1.0
4.73050,0.0
4.73350,0.0
4.73650,3.0
4.73950,0.0
4.74250,0.0
4.74550,1.0
4.74850,1.0
4.75150,0.0
4.75450,1.0
4.75750,1.0
4.76050,3.0
4.76350,0.0
4.76650,0.0
4.76950,1.0
4.77250,1.0
4.77550,0.0
4.77850,1.0
4.78150,1.0
4.78450,0.0
4.78750,0.0
4.79050,1.0
4.79350,0.0
4.79650,1.0
4.79950,0.0
4.80250,1.0
4.80550,2.0
4.80850,0.0
4.81150,1.0
4.81450,0.0
4.81750,0.0
4.82050,0.0
4.82350,0.0
4.82650,0.0
4.82950,1.0
4.83250,0.0
4.83550,1.0
4.83850,0.0
4.84150,0.0
4.84450,1.0
4.84750,0.0
4.85050,1.0
4.85350,0.0
4.85650,0.0
4.85950,0.0
4.86250,1.0
4.86550,1.0
4.86850,1.0
4.87150,0.0
4.87450,0.0
4.87750,2.0
4.88050,0.0
4.88350,1.0
4.88650,0.0
4.88950,1.0
4.89250,1.0
4.89550,1.0
4.89850,0.0
4.90150,0.0
4.90450,2.0
4.90750,0.0
4.91050,0.0
4.91350,0.0
4.91650,1.0
4.91950,0.0
4.92250,0.0
4.92550,1.0
4.92850,0.0
4.93150,2.0
4.93450,0.0
4.93750,0.0
4.94050,0.0
4.94350,1.0
4.94650,0.0
4.94950,1.0
4.95250,1.0
4.95550,0.0
4.95850,1.0
4.96150,0.0
4.96450,0.0
4.96750,0.0
4.97050,1.0
4.97350,0.0
4.97650,0.0
4.97950,0.0
4.98250,0.0
4.98550,2.0
4.98850,0.0
4.99150,0.0
4.99450,0.0
4.99750,0.0
5.00050,1.0
5.00350,1.0
5.00650,0.0
5.00950,2.0
5.01250,2.0
5.01550,0.0
5.01850,0.0
5.02150,0.0
5.02450,0.0
5.02750,0.0
5.03050,0.0
5.03350,0.0
5.03650,0.0
5.03950,0.0
5.04250,1.0
5.04550,0.0
5.04850,0.0
5.05150,1.0
5.05450,1.0
5.05750,1.0
5.06050,1.0
5.06350,0.0
5.06650,0.0
5.06950,1.0
5.07250,0.0
5.07550,0.0
5.07850,0.0
5.08150,1.0
5.08450,0.0
5.08750,0.0
5.09050,0.0
5.09350,0.0
5.09650,0.0
5.09950,0.0
5.10250,0.0
5.10550,0.0
5.10850,0.0
5.11150,1.0
5.11450,1.0
5.11750,0.0
5.12050,0.0
5.12350,1.0
5.12650,1.0
5.12950,0.0
5.13250,0.0
5.13550,1.0
5.13850,0.0
5.14150,0.0
5.14450,0.0
5.14750,0.0
5.15050,0.0
5.15350,0.0
5.15650,0.0
5.15950,1.0
5.16250,0.0
5.16550,2.0
5.16850,0.0
5.17150,0.0
5.17450,0.0
5.17750,1.0
5.18050,0.0
5.18350,1.0
5.18650,0.0
5.18950,0.0
5.19250,0.0
5.19550,0.0
5.19850,1.0
5.20150,0.0
5.20450,0.0
5.20750,0.0
5.21050,0.0
5.21350,1.0
5.21650,0.0
5.21950,0.0
5.22250,0.0
5.22550,0.0
5.22850,0.0
5.23150,0.0
5.23450,1.0
5.23750,0.0
5.24050,0.0
5.24350,0.0
5.24650,0.0
5.24950,0.0
5.25250,0.0
5.25550,1.0
5.25850,0.0
5.26150,0.0
5.26450,0.0
5.26750,0.0
5.27050,0.0
5.27350,0.0
5.27650,0.0
5.27950,1.0
5.28250,0.0
5.28550,0.0
5.28850,1.0
5.29150,1.0
5.29450,0.0
5.29750,0.0
5.30050,0.0
5.30350,0.0
5.30650,0.0
5.30950,0.0
5.31250,0.0
5.31550,0.0
5.31850,0.0
5.32150,0.0
5.32450,1.0
5.32750,0.0
5.33050,1.0
5.33350,2.0
5.33650,0.0
5.33950,1.0
5.34250,2.0
5.34550,1.0
5.34850,1.0
5.35150,0.0
5.35450,0.0
5.35750,1.0
5.36050,1.0
5.36350,0.0
5.36650,1.0
5.36950,0.0
5.37250,1.0
5.37550,0.0
5.37850,0.0
5.38150,0.0
5.38450,0.0
5.38750,0.0
5.39050,0.0
5.39350,0.0
5.39650,0.0
5.39950,1.0
5.40250,1.0
5.40550,0.0
5.40850,0.0
5.41150,0.0
5.41450,1.0
5.41750,0.0
5.42050,0.0
5.42350,1.0
5.42650,0.0
5.42950,0.0
5.43250,0.0
5.43550,0.0
5.43850,0.0
5.44150,2.0
5.44450,0.0
5.44750,0.0
5.45050,2.0
5.45350,0.0
5.45650,0.0
5.45950,0.0
5.46250,0.0
5.46550,0.0
5.46850,0.0
5.47150,0.0
5.47450,0.0
5.47750,0.0
5.48050,1.0
5.48350,0.0
5.48650,1.0
5.48950,0.0
5.49250,0.0
5.49550,0.0
5.49850,0.0
5.50150,0.0
5.50450,0.0
5.50750,0.0
5.51050,0.0
5.51350,1.0
5.51650,1.0
5.51950,0.0
5.52250,0.0
5.52550,0.0
5.52850,1.0
5.53150,0.0
5.53450,0.0
5.53750,0.0
5.54050,0.0
5.54350,2.0
5.54650,1.0
5.54950,0.0
5.55250,1.0
5.55550,0.0
5.55850,0.0
5.56150,1.0
5.56450,0.0
5.56750,1.0
5.57050,0.0
5.57350,1.0
5.57650,0.0
5.57950,0.0
5.58250,0.0
5.58550,0.0
5.58850,0.0
5.59150,0.0
5.59450,0.0
5.59750,0.0
5.60050,0.0
5.60350,0.0
5.60650,0.0
5.60950,0.0
5.61250,2.0
5.61550,0.0
5.61850,0.0
5.62150,0.0
5.62450,1.0
5.62750,0.0
5.63050,0.0
5.63350,0.0
5.63650,0.0
5.63950,0.0
5.64250,0.0
5.64550,1.0
5.64850,0.0
5.65150,0.0
5.65450,1.0
5.65750,0.0
5.66050,1.0
5.66350,0.0
5.66650,0.0
5.66950,0.0
5.67250,0.0
5.67550,1.0
5.67850,1.0
5.68150,0.0
5.68450,0.0
5.68750,0.0
5.69050,0.0
5.69350,1.0
5.69650,0.0
5.69950,0.0
5.70250,1.0
5.70550,0.0
5.70850,1.0
5.71150,0.0
5.71450,0.0
5.71750,0.0
5.72050,1.0
5.72350,1.0
5.72650,0.0
5.72950,1.0
5.73250,0.0
5.73550,0.0
5.73850,0.0
5.74150,0.0
5.74450,0.0
5.74750,1.0
5.75050,0.0
5.75350,0.0
5.75650,0.0
5.75950,0.0
5.76250,1.0
5.76550,0.0
5.76850,0.0
5.77150,0.0
5.77450,1.0
5.77750,1.0
5.78050,0.0
5.78350,0.0
5.78650,0.0
5.78950,1.0
5.79250,0.0
5.79550,0.0
5.79850,1.0
5.80150,0.0
5.80450,0.0
5.80750,0.0
5.81050,2.0
5.81350,2.0
5.81650,1.0
5.81950,0.0
5.82250,0.0
5.82550,0.0
5.82850,0.0
5.83150,1.0
5.83450,1.0
5.83750,3.0
5.84050,0.0
5.84350,2.0
5.84650,0.0
5.84950,0.0
5.85250,0.0
5.85550,0.0
5.85850,1.0
5.86150,1.0
5.86450,0.0
5.86750,0.0
5.87050,0.0
5.87350,0.0
5.87650,0.0
5.87950,0.0
5.88250,0.0
5.88550,0.0
5.88850,0.0
5.89150,0.0
5.89450,0.0
5.89750,0.0
5.90050,1.0
5.90350,0.0
5.90650,0.0
5.90950,1.0
5.91250,0.0
5.91550,0.0
5.91850,0.0
5.92150,0.0
5.92450,2.0
5.92750,0.0
5.93050,0.0
5.93350,0.0
5.93650,0.0
5.93950,0.0
5.94250,0.0
5.94550,0.0
5.94850,0.0
5.95150,1.0
5.95450,2.0
5.95750,0.0
5.96050,0.0
5.96350,0.0
5.96650,0.0
5.96950,1.0
5.97250,2.0
5.97550,0.0
5.97850,0.0
5.98150,1.0
5.98450,1.0
5.98750,0.0
5.99050,0.0
5.99350,1.0
5.99650,0.0
5.99950,0.0
6.00250,0.0
6.00550,0.0
6.00850,0.0
6.01150,2.0
6.01450,0.0
6.01750,0.0
6.02050,0.0
6.02350,0.0
6.02650,0.0
6.02950,0.0
6.03250,0.0
6.03550,0.0
6.03850,1.0
6.04150,0.0
6.04450,0.0
6.04750,0.0
6.05050,1.0
6.05350,0.0
6.05650,0.0
6.05950,1.0
6.06250,2.0
6.06550,0.0
6.06850,0.0
6.07150,0.0
6.07450,0.0
6.07750,1.0
6.08050,0.0
6.08350,0.0
6.08650,0.0
6.08950,0.0
6.09250,0.0
6.09550,0.0
6.09850,0.0
6.10150,1.0
6.10450,1.0
6.10750,0.0
6.11050,0.0
6.11350,0.0
6.11650,1.0
6.11950,1.0
6.12250,0.0
6.12550,0.0
6.12850,1.0
6.13150,1.0
6.13450,0.0
6.13750,0.0
6.14050,0.0
6.14350,1.0
6.14650,0.0
6.14950,1.0
6.15250,1.0
6.15550,1.0
6.15850,0.0
6.16150,1.0
6.16450,0.0
6.16750,0.0
6.17050,0.0
6.17350,0.0
6.17650,0.0
6.17950,0.0
6.18250,0.0
6.18550,0.0
6.18850,2.0
6.19150,0.0
6.19450,0.0
6.19750,1.0
6.20050,1.0
6.20350,0.0
6.20650,0.0
6.20950,1.0
6.21250,0.0
6.21550,0.0
6.21850,0.0
6.22150,0.0
6.22450,0.0
6.22750,0.0
6.23050,0.0
6.23350,0.0
6.23650,0.0
6.23950,1.0
6.24250,0.0
6.24550,0.0
6.24850,0.0
6.25150,0.0
6.25450,1.0
6.25750,0.0
6.26050,0.0
6.26350,1.0
6.26650,1.0
6.26950,0.0
6.27250,1.0
6.27550,0.0
6.27850,1.0
6.28150,0.0
6.28450,1.0
6.28750,0.0
6.29050,0.0
6.29350,1.0
6.29650,0.0
6.29950,0.0
6.30250,0.0
6.30550,2.0
6.30850,0.0
6.31150,0.0
6.31450,0.0
6.31750,1.0
6.32050,0.0
6.32350,1.0
6.32650,1.0
6.32950,1.0
6.33250,1.0
6.33550,0.0
6.33850,0.0
6.34150,0.0
6.34450,1.0
6.34750,1.0
6.35050,0.0
6.35350,1.0
6.35650,1.0
6.35950,0.0
6.36250,1.0
6.36550,0.0
6.36850,1.0
6.37150,0.0
6.37450,0.0
6.37750,0.0
6.38050,0.0
6.38350,0.0
6.38650,0.0
6.38950,0.0
6.39250,0.0
6.39550,0.0
6.39850,0.0
6.40150,0.0
6.40450,0.0
6.40750,0.0
6.41050,0.0
6.41350,0.0
6.41650,0.0
6.41950,0.0
6.42250,1.0
6.42550,1.0
6.42850,1.0
6.43150,1.0
6.43450,0.0
6.43750,0.0
6.44050,0.0
6.44350,0.0
6.44650,0.0
6.44950,0.0
6.45250,1.0
6.45550,0.0
6.45850,0.0
6.46150,0.0
6.46450,1.0
6.46750,0.0
6.47050,0.0
6.47350,0.0
6.47650,0.0
6.47950,0.0
6.48250,1.0
6.48550,1.0
6.48850,0.0
6.49150,0.0
6.49450,1.0
6.49750,0.0
6.50050,1.0
6.50350,0.0
6.50650,0.0
6.50950,0.0
6.51250,0.0
6.51550,0.0
6.51850,0.0
6.52150,1.0
6.52450,0.0
6.52750,0.0
6.53050,0.0
6.53350,1.0
6.53650,0.0
6.53950,1.0
6.54250,0.0
6.54550,0.0
6.54850,0.0
6.55150,0.0
6.55450,0.0
6.55750,0.0
6.56050,0.0
6.56350,2.0
6.56650,0.0
6.56950,0.0
6.57250,0.0
6.57550,0.0
6.57850,0.0
6.58150,0.0
6.58450,0.0
6.58750,0.0
6.59050,0.0
6.59350,0.0
6.59650,0.0
6.59950,0.0
6.60250,0.0
6.60550,0.0
6.60850,0.0
6.61150,0.0
6.61450,0.0
6.61750,0.0
6.62050,0.0
6.62350,0.0
6.62650,0.0
6.62950,0.0
6.63250,1.0
6.63550,0.0
6.63850,0.0
6.64150,0.0
6.64450,1.0
6.64750,0.0
6.65050,0.0
6.65350,0.0
6.65650,0.0
6.65950,1.0
6.66250,0.0
6.66550,0.0
6.66850,1.0
6.67150,1.0
6.67450,0.0
6.67750,0.0
6.68050,0.0
6.68350,0.0
6.68650,0.0
6.68950,0.0
6.69250,0.0
6.69550,0.0
6.69850,0.0
6.70150,0.0
6.70450,0.0
6.70750,3.0
6.71050,0.0
6.71350,0.0
6.71650,0.0
6.71950,1.0
6.72250,0.0
6.72550,0.0
6.72850,0.0
6.73150,0.0
6.73450,0.0
6.73750,0.0
6.74050,0.0
6.74350,0.0
6.74650,3.0
6.74950,0.0
6.75250,0.0
6.75550,0.0
6.75850,0.0
6.76150,0.0
6.76450,1.0
6.76750,0.0
6.77050,0.0
6.77350,0.0
6.77650,1.0
6.77950,0.0
6.78250,0.0
6.78550,1.0
6.78850,0.0
6.79150,0.0
6.79450,0.0
6.79750,4.0
6.80050,0.0
6.80350,0.0
6.80650,0.0
6.80950,1.0
6.81250,0.0
6.81550,1.0
6.81850,0.0
6.82150,0.0
6.82450,0.0
6.82750,0.0
6.83050,0.0
6.83350,0.0
6.83650,0.0
6.83950,1.0
6.84250,0.0
6.84550,0.0
6.84850,0.0
6.85150,0.0
6.85450,0.0
6.85750,1.0
6.86050,0.0
6.86350,0.0
6.86650,0.0
6.86950,0.0
6.87250,0.0
6.87550,0.0
6.87850,0.0
6.88150,0.0
6.88450,2.0
6.88750,0.0
6.89050,0.0
6.89350,0.0
6.89650,0.0
6.89950,0.0
6.90250,0.0
6.90550,0.0
6.90850,0.0
6.91150,0.0
6.91450,0.0
6.91750,0.0
6.92050,0.0
6.92350,1.0
6.92650,0.0
6.92950,0.0
6.93250,0.0
6.93550,0.0
6.93850,1.0
6.94150,0.0
6.94450,2.0
6.94750,0.0
6.95050,0.0
6.95350,0.0
6.95650,0.0
6.95950,0.0
6.96250,0.0
6.96550,0.0
6.96850,0.0
6.97150,0.0
6.97450,0.0
6.97750,1.0
6.98050,0.0
6.98350,1.0
6.98650,1.0
6.98950,0.0
6.99250,0.0
6.99550,0.0
6.99850,0.0
7.00150,1.0
7.00450,0.0
7.00750,0.0
7.01050,0.0
7.01350,0.0
7.01650,0.0
7.01950,0.0
7.02250,0.0
7.02550,0.0
7.02850,0.0
7.03150,0.0
7.03450,0.0
7.03750,1.0
7.04050,0.0
7.04350,0.0
7.04650,1.0
7.04950,0.0
7.05250,0.0
7.05550,3.0
7.05850,0.0
7.06150,1.0
7.06450,2.0
7.06750,0.0
7.07050,0.0
7.07350,0.0
7.07650,0.0
7.07950,0.0
7.08250,0.0
7.08550,0.0
7.08850,0.0
7.09150,0.0
7.09450,0.0
7.09750,1.0
7.10050,0.0
7.10350,0.0
7.10650,0.0
7.10950,0.0
7.11250,0.0
7.11550,0.0
7.11850,0.0
7.12150,0.0
7.12450,0.0
7.12750,0.0
7.13050,0.0
7.13350,1.0
7.13650,0.0
7.13950,2.0
7.14250,0.0
7.14550,0.0
7.14850,0.0
7.15150,0.0
7.15450,0.0
7.15750,0.0
7.16050,0.0
7.16350,1.0
7.16650,0.0
7.16950,0.0
7.17250,0.0
7.17550,1.0
7.17850,1.0
7.18150,0.0
7.18450,0.0
7.18750,0.0
7.19050,0.0
7.19350,0.0
7.19650,0.0
7.19950,2.0
7.20250,0.0
7.20550,0.0
7.20850,0.0
7.21150,0.0
7.21450,0.0
7.21750,0.0
7.22050,1.0
7.22350,1.0
7.22650,0.0
7.22950,0.0
7.23250,2.0
7.23550,0.0
7.23850,0.0
7.24150,1.0
7.24450,0.0
7.24750,1.0
7.25050,0.0
7.25350,1.0
7.25650,0.0
7.25950,0.0
7.26250,0.0
7.26550,0.0
7.26850,0.0
7.27150,1.0
7.27450,2.0
7.27750,0.0
7.28050,0.0
7.28350,0.0
7.28650,0.0
7.28950,0.0
7.29250,0.0
7.29550,0.0
7.29850,0.0
7.30150,0.0
7.30450,1.0
7.30750,0.0
7.31050,0.0
7.31350,0.0
7.31650,1.0
7.31950,1.0
7.32250,0.0
7.32550,0.0
7.32850,0.0
7.33150,0.0
7.33450,2.0
7.33750,1.0
7.34050,0.0
7.34350,0.0
7.34650,0.0
7.34950,1.0
7.35250,0.0
7.35550,0.0
7.35850,0.0
7.36150,0.0
7.36450,0.0
7.36750,0.0
7.37050,0.0
7.37350,0.0
7.37650,1.0
7.37950,0.0
7.38250,1.0
7.38550,0.0
7.38850,0.0
7.39150,1.0
7.39450,0.0
7.39750,1.0
7.40050,2.0
7.40350,0.0
7.40650,0.0
7.40950,1.0
7.41250,1.0
7.41550,0.0
7.41850,0.0
7.42150,0.0
7.42450,0.0
7.42750,0.0
7.43050,0.0
7.43350,1.0
7.43650,0.0
7.43950,0.0
7.44250,0.0
7.44550,0.0
7.44850,0.0
7.45150,0.0
7.45450,0.0
7.45750,0.0
7.46050,0.0
7.46350,0.0
7.46650,0.0
7.46950,1.0
7.47250,0.0
7.47550,0.0
7.47850,0.0
7.48150,0.0
7.48450,0.0
7.48750,0.0
7.49050,0.0
7.49350,0.0
7.49650,0.0
7.49950,0.0
7.50250,0.0
7.50550,2.0
7.50850,1.0
7.51150,1.0
7.51450,0.0
7.51750,0.0
7.52050,0.0
7.52350,0.0
7.52650,0.0
7.52950,0.0
7.53250,0.0
7.53550,0.0
7.53850,0.0
7.54150,0.0
7.54450,1.0
7.54750,1.0
7.55050,0.0
7.55350,0.0
7.55650,1.0
7.55950,1.0
7.56250,1.0
7.56550,0.0
7.56850,0.0
7.57150,0.0
7.57450,1.0
7.57750,0.0
7.58050,0.0
7.58350,0.0
7.58650,0.0
7.58950,0.0
7.59250,0.0
7.59550,0.0
7.59850,0.0
7.60150,0.0
7.60450,0.0
7.60750,1.0
7.61050,1.0
7.61350,1.0
7.61650,0.0
7.61950,0.0
7.62250,0.0
7.62550,1.0
7.62850,1.0
7.63150,0.0
7.63450,0.0
7.63750,0.0
7.64050,0.0
7.64350,0.0
7.64650,0.0
7.64950,1.0
7.65250,0.0
7.65550,0.0
7.65850,1.0
7.66150,0.0
7.66450,0.0
7.66750,0.0
7.67050,0.0
7.67350,0.0
7.67650,0.0
7.67950,0.0
7.68250,1.0
7.68550,0.0
7.68850,0.0
7.69150,1.0
7.69450,0.0
7.69750,0.0
7.70050,0.0
7.70350,0.0
7.70650,0.0
7.70950,0.0
7.71250,0.0
7.71550,0.0
7.71850,0.0
7.72150,0.0
7.72450,0.0
7.72750,0.0
7.73050,0.0
7.73350,0.0
7.73650,0.0
7.73950,0.0
7.74250,0.0
7.74550,0.0
7.74850,0.0
7.75150,0.0
7.75450,0.0
7.75750,0.0
7.76050,0.0
7.76350,0.0
7.76650,0.0
7.76950,0.0
7.77250,0.0
7.77550,1.0
7.77850,0.0
7.78150,0.0
7.78450,1.0
7.78750,0.0
7.79050,0.0
7.79350,1.0
7.79650,0.0
7.79950,0.0
7.80250,3.0
7.80550,0.0
7.80850,0.0
7.81150,0.0
7.81450,0.0
7.81750,0.0
7.82050,1.0
7.82350,0.0
7.82650,0.0
7.82950,0.0
7.83250,0.0
7.83550,0.0
7.83850,1.0
7.84150,0.0
7.84450,0.0
7.84750,0.0
7.85050,1.0
7.85350,1.0
7.85650,0.0
7.85950,0.0
7.86250,0.0
7.86550,0.0
7.86850,0.0
7.87150,0.0
7.87450,0.0
7.87750,0.0
7.88050,0.0
7.88350,0.0
7.88650,0.0
7.88950,0.0
7.89250,0.0
7.89550,1.0
7.89850,0.0
7.90150,0.0
7.90450,0.0
7.90750,1.0
7.91050,1.0
7.91350,0.0
7.91650,0.0
7.91950,0.0
7.92250,0.0
7.92550,0.0
7.92850,0.0
7.93150,0.0
7.93450,0.0
7.93750,0.0
7.94050,0.0
7.94350,0.0
7.94650,0.0
7.94950,1.0
7.95250,0.0
7.95550,0.0
7.95850,0.0
7.96150,1.0
7.96450,0.0
7.96750,0.0
7.97050,0.0
7.97350,0.0
7.97650,0.0
7.97950,0.0
7.98250,0.0
7.98550,0.0
7.98850,0.0
7.99150,1.0
7.99450,0.0
7.99750,0.0
8.00050,0.0
8.00350,1.0
8.00650,0.0
8.00950,0.0
8.01250,0.0
8.01550,0.0
8.01850,0.0
8.02150,0.0
8.02450,0.0
8.02750,1.0
8.03050,0.0
8.03350,0.0
8.03650,1.0
8.03950,0.0
8.04250,0.0
8.04550,0.0
8.04850,0.0
8.05150,0.0
8.05450,1.0
8.05750,1.0
8.06050,0.0
8.06350,1.0
8.06650,0.0
8.06950,0.0
8.07250,0.0
8.07550,0.0
8.07850,0.0
8.08150,0.0
8.08450,0.0
8.08750,0.0
8.09050,0.0
8.09350,0.0
8.09650,0.0
8.09950,0.0
8.10250,0.0
8.10550,0.0
8.10850,0.0
8.11150,0.0
8.11450,0.0
8.11750,0.0
8.12050,0.0
8.12350,0.0
8.12650,0.0
8.12950,0.0
8.13250,0.0
8.13550,0.0
8.13850,0.0
8.14150,0.0
8.14450,0.0
8.14750,0.0
8.15050,0.0
8.15350,0.0
8.15650,0.0
8.15950,0.0
8.16250,0.0
8.16550,0.0
8.16850,0.0
8.17150,0.0
8.17450,0.0
8.17750,0.0
8.18050,0.0
8.18350,1.0
8.18650,0.0
8.18950,0.0
8.19250,0.0
8.19550,0.0
8.19850,0.0
8.20150,1.0
8.20450,0.0
8.20750,0.0
8.21050,0.0
8.21350,0.0
8.21650,0.0
8.21950,0.0
8.22250,0.0
8.22550,0.0
8.22850,0.0
8.23150,0.0
8.23450,0.0
8.23750,0.0
8.24050,0.0
8.24350,0.0
8.24650,0.0
8.24950,0.0
8.25250,0.0
8.25550,0.0
8.25850,0.0
8.26150,0.0
8.26450,0.0
8.26750,0.0
8.27050,0.0
8.27350,0.0
8.27650,0.0
8.27950,0.0
8.28250,0.0
8.28550,0.0
8.28850,0.0
8.29150,1.0
8.29450,0.0
8.29750,0.0
8.30050,0.0
8.30350,0.0
8.30650,0.0
8.30950,0.0
8.31250,0.0
8.31550,1.0
8.31850,0.0
8.32150,0.0
8.32450,2.0
8.32750,0.0
8.33050,0.0
8.33350,0.0
8.33650,0.0
8.33950,1.0
8.34250,0.0
8.34550,0.0
8.34850,1.0
8.35150,0.0
8.35450,0.0
8.35750,0.0
8.36050,0.0
8.36350,0.0
8.36650,0.0
8.36950,0.0
8.37250,0.0
8.37550,0.0
8.37850,0.0
8.38150,0.0
8.38450,0.0
8.38750,0.0
8.39050,0.0
8.39350,0.0
8.39650,0.0
8.39950,0.0
8.40250,0.0
8.40550,0.0
8.40850,0.0
8.41150,2.0
8.41450,0.0
8.41750,0.0
8.42050,0.0
8.42350,1.0
8.42650,0.0
8.42950,2.0
8.43250,0.0
8.43550,0.0
8.43850,1.0
8.44150,0.0
8.44450,1.0
8.44750,1.0
8.45050,0.0
8.45350,0.0
8.45650,0.0
8.45950,0.0
8.46250,0.0
8.46550,0.0
8.46850,0.0
8.47150,0.0
8.47450,0.0
8.47750,0.0
8.48050,0.0
8.48350,1.0
8.48650,0.0
8.48950,0.0
8.49250,0.0
8.49550,0.0
8.49850,0.0
8.50150,1.0
8.50450,0.0
8.50750,0.0
8.51050,0.0
8.51350,0.0
8.51650,1.0
8.51950,0.0
8.52250,0.0
8.52550,0.0
8.52850,0.0
8.53150,0.0
8.53450,0.0
8.53750,0.0
8.54050,0.0
8.54350,0.0
8.54650,0.0
8.54950,0.0
8.55250,0.0
8.55550,0.0
8.55850,0.0
8.56150,0.0
8.56450,0.0
8.56750,0.0
8.57050,0.0
8.57350,1.0
8.57650,1.0
8.57950,0.0
8.58250,0.0
8.58550,0.0
8.58850,1.0
8.59150,1.0
8.59450,0.0
8.59750,0.0
8.60050,0.0
8.60350,1.0
8.60650,0.0
8.60950,0.0
8.61250,0.0
8.61550,0.0
8.61850,0.0
8.62150,0.0
8.62450,0.0
8.62750,0.0
8.63050,0.0
8.63350,0.0
8.63650,1.0
8.63950,0.0
8.64250,0.0
8.64550,0.0
8.64850,0.0
8.65150,0.0
8.65450,0.0
8.65750,0.0
8.66050,0.0
8.66350,0.0
8.66650,0.0
8.66950,0.0
8.67250,0.0
8.67550,0.0
8.67850,0.0
8.68150,0.0
8.68450,0.0
8.68750,0.0
8.69050,1.0
8.69350,0.0
8.69650,0.0
8.69950,2.0
8.70250,0.0
8.70550,0.0
8.70850,0.0
8.71150,0.0
8.71450,0.0
8.71750,0.0
8.72050,0.0
8.72350,0.0
8.72650,0.0
8.72950,1.0
8.73250,0.0
8.73550,0.0
8.73850,0.0
8.74150,0.0
8.74450,0.0
8.74750,0.0
8.75050,0.0
8.75350,2.0
8.75650,0.0
8.75950,0.0
8.76250,0.0
8.76550,0.0
