# specimen,CoC3,record_name,P2-03,instrument_id,Co-C(260916A)-XRR,raw_file,XRR-1_Co-C(260916A)-XRR.xrdml,role,"Co/C, baseline round 2",points,3585
two_theta_deg,intensity_counts
0.10150,82968.0
0.10450,85198.0
0.10750,87800.0
0.11050,89715.0
0.11350,90960.0
0.11650,91958.0
0.11950,94277.0
0.12250,96676.0
0.12550,98992.0
0.12850,101892.0
0.13150,103473.0
0.13450,105918.0
0.13750,106938.0
0.14050,108075.0
0.14350,110314.0
0.14650,111189.0
0.14950,113275.0
0.15250,115917.0
0.15550,118213.0
0.15850,119630.0
0.16150,121734.0
0.16450,123351.0
0.16750,124288.0
0.17050,125436.0
0.17350,127635.0
0.17650,129740.0
0.17950,131711.0
0.18250,134370.0
0.18550,136643.0
0.18850,138022.0
0.19150,138067.0
0.19450,138650.0
0.19750,139787.0
0.20050,141100.0
0.20350,144151.0
0.20650,145637.0
0.20950,147718.0
0.21250,149208.0
0.21550,150613.0
0.21850,150818.0
0.22150,151431.0
0.22450,152952.0
0.22750,156106.0
0.23050,157983.0
0.23350,160259.0
0.23650,161218.0
0.23950,162806.0
0.24250,163042.0
0.24550,163159.0
0.24850,164072.0
0.25150,164347.0
0.25450,167758.0
0.25750,169300.0
0.26050,170882.0
0.26350,172783.0
0.26650,173798.0
0.26950,173598.0
0.27250,174768.0
0.27550,175590.0
0.27850,177758.0
0.28150,179862.0
0.28450,182182.0
0.28750,183746.0
0.29050,184341.0
0.29350,183283.0
0.29650,183553.0
0.29950,184549.0
0.30250,185239.0
0.30550,187037.0
0.30850,190024.0
0.31150,191456.0
0.31450,192044.0
0.31750,192655.0
0.32050,192909.0
0.32350,193401.0
0.32650,194253.0
0.32950,195600.0
0.33250,198161.0
0.33550,199528.0
0.33850,201684.0
0.34150,202605.0
0.34450,202294.0
0.34750,200564.0
0.35050,200604.0
0.35350,201445.0
0.35650,202635.0
0.35950,204970.0
0.36250,206377.0
0.36550,206864.0
0.36850,206837.0
0.37150,207023.0
0.37450,208113.0
0.37750,207134.0
0.38050,209578.0
0.38350,210663.0
0.38650,212578.0
0.38950,213258.0
0.39250,213235.0
0.39550,214483.0
0.39850,212677.0
0.40150,212205.0
0.40450,211336.0
0.40750,212124.0
0.41050,215190.0
0.41350,215065.0
0.41650,215028.0
0.41950,214473.0
0.42250,214648.0
0.42550,214340.0
0.42850,213743.0
0.43150,213266.0
0.43450,214495.0
0.43750,216281.0
0.44050,216126.0
0.44350,215673.0
0.44650,214497.0
0.44950,212213.0
0.45250,209995.0
0.45550,209326.0
0.45850,208671.0
0.46150,209791.0
0.46450,209004.0
0.46750,208103.0
0.47050,207513.0
0.47350,204034.0
0.47650,201536.0
0.47950,199968.0
0.48250,198220.0
0.48550,195810.0
0.48850,193826.0
0.49150,191532.0
0.49450,188350.0
0.49750,183215.0
0.50050,179452.0
0.50350,173042.0
0.50650,167340.0
0.50950,163074.0
0.51250,158059.0
0.51550,151413.0
0.51850,145691.0
0.52150,137568.0
0.52450,131975.0
0.52750,124113.0
0.53050,116898.0
0.53350,110187.0
0.53650,103783.0
0.53950,97507.0
0.54250,91906.0
0.54550,85812.0
0.54850,80528.0
0.55150,75205.0
0.55450,70701.0
0.55750,66597.0
0.56050,63507.0
0.56350,60166.0
0.56650,57051.0
0.56950,54296.0
0.57250,52004.0
0.57550,49088.0
0.57850,46312.0
0.58150,43979.0
0.58450,41450.0
0.58750,39801.0
0.59050,37636.0
0.59350,36184.0
0.59650,34864.0
0.59950,33617.0
0.60250,32326.0
0.60550,31672.0
0.60850,30493.0
0.61150,29779.0
0.61450,28881.0
0.61750,27937.0
0.62050,26578.0
0.62350,26080.0
0.62650,24709.0
0.62950,23053.0
0.63250,21841.0
0.63550,20549.0
0.63850,20076.0
0.64150,18917.0
0.64450,18433.0
0.64750,17904.0
0.65050,17654.0
0.65350,17746.0
0.65650,17200.0
0.65950,17451.0
0.66250,16779.0
0.66550,16730.0
0.66850,16665.0
0.67150,16300.0
0.67450,15456.0
0.67750,15143.0
0.68050,14281.0
0.68350,13274.0
0.68650,12771.0
0.68950,11969.0
0.69250,11346.0
0.69550,10806.0
0.69850,10140.0
0.70150,10111.0
0.70450,9653.0
0.70750,9551.0
0.71050,9735.0
0.71350,9583.0
0.71650,9812.0
0.71950,10004.0
0.72250,10068.0
0.72550,10015.0
0.72850,9970.0
0.73150,10015.0
0.73450,9562.0
0.73750,9423.0
0.74050,9105.0
0.74350,8530.0
0.74650,8020.0
0.74950,7516.0
0.75250,6925.0
0.75550,6641.0
0.75850,6079.0
0.76150,5787.0
0.76450,5646.0
0.76750,5429.0
0.77050,5265.0
0.77350,5411.0
0.77650,5441.0
0.77950,5620.0
0.78250,5693.0
0.78550,5916.0
0.78850,5920.0
0.79150,6056.0
0.79450,6076.0
0.79750,6146.0
0.80050,6144.0
0.80350,5960.0
0.80650,5750.0
0.80950,5586.0
0.81250,5307.0
0.81550,4869.0
0.81850,4621.0
0.82150,4302.0
0.82450,4001.0
0.82750,3727.0
0.83050,3441.0
0.83350,3332.0
0.83650,3147.0
0.83950,3013.0
0.84250,3060.0
0.84550,3001.0
0.84850,3129.0
0.85150,3261.0
0.85450,3327.0
0.85750,3425.0
0.86050,3645.0
0.86350,3726.0
0.86650,3858.0
0.86950,4008.0
0.87250,3987.0
0.87550,3948.0
0.87850,3864.0
0.88150,3696.0
0.88450,3581.0
0.88750,3467.0
0.89050,3216.0
0.89350,3012.0
0.89650,2692.0
0.89950,2468.0
0.90250,2242.0
0.90550,2106.0
0.90850,2027.0
0.91150,1784.0
0.91450,1820.0
0.91750,1685.0
0.92050,1712.0
0.92350,1742.0
0.92650,1800.0
0.92950,1953.0
0.93250,2065.0
0.93550,2234.0
0.93850,2284.0
0.94150,2348.0
0.94450,2515.0
0.94750,2577.0
0.95050,2684.0
0.95350,2606.0
0.95650,2574.0
0.95950,2443.0
0.96250,2466.0
0.96550,2188.0
0.96850,2187.0
0.97150,1942.0
0.97450,1796.0
0.97750,1656.0
0.98050,1421.0
0.98350,1357.0
0.98650,1183.0
0.98950,1166.0
0.99250,1032.0
0.99550,989.0
0.99850,987.0
1.00150,1056.0
1.00450,1119.0
1.00750,1154.0
1.01050,1287.0
1.01350,1361.0
1.01650,1507.0
1.01950,1645.0
1.02250,1725.0
1.02550,1731.0
1.02850,1814.0
1.03150,1877.0
1.03450,1852.0
1.03750,1813.0
1.04050,1796.0
1.04350,1715.0
1.04650,1623.0
1.04950,1452.0
1.05250,1407.0
1.05550,1203.0
1.05850,1092.0
1.06150,1024.0
1.06450,887.0
1.06750,792.0
1.07050,694.0
1.07350,652.0
1.07650,603.0
1.07950,597.0
1.08250,587.0
1.08550,639.0
1.08850,691.0
1.09150,725.0
1.09450,938.0
1.09750,990.0
1.10050,1063.0
1.10350,1137.0
1.10650,1196.0
1.10950,1323.0
1.11250,1262.0
1.11550,1393.0
1.11850,1369.0
1.12150,1297.0
1.12450,1310.0
1.12750,1170.0
1.13050,1082.0
1.13350,1102.0
1.13650,919.0
1.13950,809.0
1.14250,764.0
1.14550,629.0
1.14850,570.0
1.15150,496.0
1.15450,457.0
1.15750,381.0
1.16050,338.0
1.16350,375.0
1.16650,387.0
1.16950,413.0
1.17250,472.0
1.17550,516.0
1.17850,606.0
1.18150,611.0
1.18450,708.0
1.18750,798.0
1.19050,833.0
1.19350,964.0
1.19650,999.0
1.19950,970.0
1.20250,1034.0
1.20550,1060.0
1.20850,970.0
1.21150,939.0
1.21450,843.0
1.21750,848.0
1.22050,777.0
1.22350,697.0
1.22650,570.0
1.22950,552.0
1.23250,454.0
1.23550,406.0
1.23850,346.0
1.24150,297.0
1.24450,234.0
1.24750,269.0
1.25050,250.0
1.25350,257.0
1.25650,282.0
1.25950,308.0
1.26250,394.0
1.26550,412.0
1.26850,522.0
1.27150,559.0
1.27450,610.0
1.27750,720.0
1.28050,735.0
1.28350,825.0
1.28650,776.0
1.28950,829.0
1.29250,796.0
1.29550,834.0
1.29850,729.0
1.30150,720.0
1.30450,671.0
1.30750,645.0
1.31050,591.0
1.31350,442.0
1.31650,404.0
1.31950,370.0
1.32250,308.0
1.32550,247.0
1.32850,195.0
1.33150,197.0
1.33450,169.0
1.33750,187.0
1.34050,174.0
1.34350,190.0
1.34650,237.0
1.34950,308.0
1.35250,322.0
1.35550,360.0
1.35850,442.0
1.36150,474.0
1.36450,548.0
1.36750,575.0
1.37050,618.0
1.37350,638.0
1.37650,688.0
1.37950,627.0
1.38250,698.0
1.38550,691.0
1.38850,706.0
1.39150,593.0
1.39450,566.0
1.39750,545.0
1.40050,522.0
1.40350,444.0
1.40650,331.0
1.40950,321.0
1.41250,253.0
1.41550,209.0
1.41850,185.0
1.42150,152.0
1.42450,148.0
1.42750,116.0
1.43050,152.0
1.43350,156.0
1.43650,189.0
1.43950,240.0
1.44250,278.0
1.44550,296.0
1.44850,348.0
1.45150,411.0
1.45450,500.0
1.45750,493.0
1.46050,572.0
1.46350,571.0
1.46650,610.0
1.46950,636.0
1.47250,604.0
1.47550,654.0
1.47850,630.0
1.48150,562.0
1.48450,541.0
1.48750,498.0
1.49050,415.0
1.49350,380.0
1.49650,298.0
1.49950,254.0
1.50250,224.0
1.50550,188.0
1.50850,152.0
1.51150,140.0
1.51450,117.0
1.51750,106.0
1.52050,124.0
1.52350,133.0
1.52650,158.0
1.52950,225.0
1.53250,248.0
1.53550,296.0
1.53850,360.0
1.54150,365.0
1.54450,390.0
1.54750,478.0
1.55050,590.0
1.55350,608.0
1.55650,609.0
1.55950,642.0
1.56250,617.0
1.56550,601.0
1.56850,590.0
1.57150,595.0
1.57450,528.0
1.57750,509.0
1.58050,422.0
1.58350,425.0
1.58650,326.0
1.58950,311.0
1.59250,276.0
1.59550,191.0
1.59850,148.0
1.60150,137.0
1.60450,142.0
1.60750,105.0
1.61050,91.0
1.61350,135.0
1.61650,154.0
1.61950,193.0
1.62250,231.0
1.62550,304.0
1.62850,378.0
1.63150,438.0
1.63450,474.0
1.63750,510.0
1.64050,652.0
1.64350,666.0
1.64650,668.0
1.64950,662.0
1.65250,682.0
1.65550,731.0
1.65850,681.0
1.66150,679.0
1.66450,633.0
1.66750,592.0
1.67050,540.0
1.67350,484.0
1.67650,450.0
1.67950,424.0
1.68250,289.0
1.68550,258.0
1.68850,239.0
1.69150,187.0
1.69450,146.0
1.69750,140.0
1.70050,147.0
1.70350,148.0
1.70650,193.0
1.70950,222.0
1.71250,313.0
1.71550,403.0
1.71850,463.0
1.72150,538.0
1.72450,630.0
1.72750,786.0
1.73050,806.0
1.73350,853.0
1.73650,936.0
1.73950,988.0
1.74250,1022.0
1.74550,1088.0
1.74850,1080.0
1.75150,1029.0
1.75450,1051.0
1.75750,1049.0
1.76050,974.0
1.76350,853.0
1.76650,806.0
1.76950,723.0
1.77250,624.0
1.77550,494.0
1.77850,411.0
1.78150,374.0
1.78450,299.0
1.78750,270.0
1.79050,273.0
1.79350,257.0
1.79650,369.0
1.79950,422.0
1.80250,538.0
1.80550,598.0
1.80850,788.0
1.81150,985.0
1.81450,1040.0
1.81750,1336.0
1.82050,1481.0
1.82350,1705.0
1.82650,1944.0
1.82950,2211.0
1.83250,2204.0
1.83550,2371.0
1.83850,2374.0
1.84150,2516.0
1.84450,2448.0
1.84750,2404.0
1.85050,2289.0
1.85350,2204.0
1.85650,2032.0
1.85950,1903.0
1.86250,1633.0
1.86550,1504.0
1.86850,1269.0
1.87150,1147.0
1.87450,980.0
1.87750,855.0
1.88050,892.0
1.88350,916.0
1.88650,1152.0
1.88950,1411.0
1.89250,1815.0
1.89550,2379.0
1.89850,3066.0
1.90150,3978.0
1.90450,5108.0
1.90750,6406.0
1.91050,7781.0
1.91350,9334.0
1.91650,10818.0
1.91950,12601.0
1.92250,14653.0
1.92550,16618.0
1.92850,18552.0
1.93150,21113.0
1.93450,22894.0
1.93750,24979.0
1.94050,26618.0
1.94350,28571.0
1.94650,30359.0
1.94950,32199.0
1.95250,33727.0
1.95550,35045.0
1.95850,36264.0
1.96150,37300.0
1.96450,38101.0
1.96750,38356.0
1.97050,39016.0
1.97350,38827.0
1.97650,38725.0
1.97950,38569.0
1.98250,37657.0
1.98550,36897.0
1.98850,35804.0
1.99150,35034.0
1.99450,33382.0
1.99750,31478.0
2.00050,29766.0
2.00350,28359.0
2.00650,26383.0
2.00950,24692.0
2.01250,22665.0
2.01550,20731.0
2.01850,18711.0
2.02150,16719.0
2.02450,14887.0
2.02750,13126.0
2.03050,11300.0
2.03350,9750.0
2.03650,8174.0
2.03950,6863.0
2.04250,5676.0
2.04550,4634.0
2.04850,3672.0
2.05150,2864.0
2.05450,2199.0
2.05750,1607.0
2.06050,1257.0
2.06350,931.0
2.06650,770.0
2.06950,650.0
2.07250,682.0
2.07550,703.0
2.07850,803.0
2.08150,927.0
2.08450,1042.0
2.08750,1197.0
2.09050,1360.0
2.09350,1470.0
2.09650,1571.0
2.09950,1687.0
2.10250,1703.0
2.10550,1785.0
2.10850,1764.0
2.11150,1768.0
2.11450,1704.0
2.11750,1673.0
2.12050,1526.0
2.12350,1338.0
2.12650,1250.0
2.12950,1108.0
2.13250,953.0
2.13550,812.0
2.13850,667.0
2.14150,514.0
2.14450,457.0
2.14750,332.0
2.15050,243.0
2.15350,221.0
2.15650,177.0
2.15950,150.0
2.16250,198.0
2.16550,171.0
2.16850,187.0
2.17150,205.0
2.17450,282.0
2.17750,312.0
2.18050,373.0
2.18350,430.0
2.18650,447.0
2.18950,487.0
2.19250,548.0
2.19550,555.0
2.19850,538.0
2.20150,559.0
2.20450,557.0
2.20750,561.0
2.21050,534.0
2.21350,500.0
2.21650,464.0
2.21950,407.0
2.22250,404.0
2.22550,344.0
2.22850,266.0
2.23150,221.0
2.23450,211.0
2.23750,170.0
2.24050,123.0
2.24350,91.0
2.24650,90.0
2.24950,70.0
2.25250,61.0
2.25550,58.0
2.25850,66.0
2.26150,80.0
2.26450,122.0
2.26750,122.0
2.27050,151.0
2.27350,169.0
2.27650,168.0
2.27950,181.0
2.28250,241.0
2.28550,271.0
2.28850,254.0
2.29150,295.0
2.29450,280.0
2.29750,276.0
2.30050,246.0
2.30350,281.0
2.30650,232.0
2.30950,219.0
2.31250,222.0
2.31550,167.0
2.31850,141.0
2.32150,139.0
2.32450,97.0
2.32750,101.0
2.33050,70.0
2.33350,70.0
2.33650,41.0
2.33950,45.0
2.34250,32.0
2.34550,38.0
2.34850,37.0
2.35150,35.0
2.35450,44.0
2.35750,53.0
2.36050,62.0
2.36350,79.0
2.36650,86.0
2.36950,86.0
2.37250,112.0
2.37550,131.0
2.37850,131.0
2.38150,147.0
2.38450,143.0
2.38750,137.0
2.39050,154.0
2.39350,122.0
2.39650,132.0
2.39950,134.0
2.40250,108.0
2.40550,104.0
2.40850,115.0
2.41150,100.0
2.41450,79.0
2.41750,84.0
2.42050,52.0
2.42350,39.0
2.42650,30.0
2.42950,36.0
2.43250,27.0
2.43550,23.0
2.43850,19.0
2.44150,26.0
2.44450,20.0
2.44750,18.0
2.45050,39.0
2.45350,40.0
2.45650,43.0
2.45950,57.0
2.46250,74.0
2.46550,63.0
2.46850,74.0
2.47150,72.0
2.47450,88.0
2.47750,95.0
2.48050,91.0
2.48350,101.0
2.48650,73.0
2.48950,87.0
2.49250,75.0
2.49550,86.0
2.49850,70.0
2.50150,69.0
2.50450,57.0
2.50750,50.0
2.51050,51.0
2.51350,42.0
2.51650,22.0
2.51950,28.0
2.52250,14.0
2.52550,18.0
2.52850,13.0
2.53150,15.0
2.53450,8.0
2.53750,12.0
2.54050,17.0
2.54350,16.0
2.54650,26.0
2.54950,22.0
2.55250,39.0
2.55550,42.0
2.55850,42.0
2.56150,46.0
2.56450,57.0
2.56750,54.0
2.57050,61.0
2.57350,61.0
2.57650,50.0
2.57950,78.0
2.58250,55.0
2.58550,53.0
2.58850,50.0
2.59150,38.0
2.59450,37.0
2.59750,33.0
2.60050,36.0
2.60350,33.0
2.60650,20.0
2.60950,20.0
2.61250,18.0
2.61550,22.0
2.61850,11.0
2.62150,13.0
2.62450,8.0
2.62750,17.0
2.63050,8.0
2.63350,8.0
2.63650,21.0
2.63950,21.0
2.64250,19.0
2.64550,24.0
2.64850,27.0
2.65150,35.0
2.65450,43.0
2.65750,29.0
2.66050,43.0
2.66350,47.0
2.66650,39.0
2.66950,52.0
2.67250,41.0
2.67550,32.0
2.67850,29.0
2.68150,33.0
2.68450,32.0
2.68750,29.0
2.69050,35.0
2.69350,29.0
2.69650,16.0
2.69950,8.0
2.70250,11.0
2.70550,13.0
2.70850,17.0
2.71150,10.0
2.71450,13.0
2.71750,8.0
2.72050,7.0
2.72350,10.0
2.72650,11.0
2.72950,10.0
2.73250,21.0
2.73550,17.0
2.73850,11.0
2.74150,20.0
2.74450,20.0
2.74750,21.0
2.75050,22.0
2.75350,31.0
2.75650,31.0
2.75950,33.0
2.76250,33.0
2.76550,33.0
2.76850,30.0
2.77150,26.0
2.77450,28.0
2.77750,38.0
2.78050,14.0
2.78350,24.0
2.78650,20.0
2.78950,20.0
2.79250,16.0
2.79550,10.0
2.79850,18.0
2.80150,11.0
2.80450,7.0
2.80750,3.0
2.81050,7.0
2.81350,8.0
2.81650,12.0
2.81950,14.0
2.82250,10.0
2.82550,4.0
2.82850,8.0
2.83150,10.0
2.83450,15.0
2.83750,4.0
2.84050,11.0
2.84350,17.0
2.84650,16.0
2.84950,20.0
2.85250,16.0
2.85550,19.0
2.85850,25.0
2.86150,20.0
2.86450,27.0
2.86750,23.0
2.87050,19.0
2.87350,15.0
2.87650,19.0
2.87950,16.0
2.88250,15.0
2.88550,13.0
2.88850,8.0
2.89150,10.0
2.89450,4.0
2.89750,9.0
2.90050,7.0
2.90350,9.0
2.90650,2.0
2.90950,5.0
2.91250,2.0
2.91550,9.0
2.91850,5.0
2.92150,7.0
2.92450,10.0
2.92750,10.0
2.93050,8.0
2.93350,7.0
2.93650,11.0
2.93950,14.0
2.94250,11.0
2.94550,12.0
2.94850,20.0
2.95150,17.0
2.95450,20.0
2.95750,16.0
2.96050,11.0
2.96350,13.0
2.96650,13.0
2.96950,12.0
2.97250,16.0
2.97550,16.0
2.97850,7.0
2.98150,11.0
2.98450,10.0
2.98750,6.0
2.99050,3.0
2.99350,10.0
2.99650,9.0
2.99950,3.0
3.00250,2.0
3.00550,4.0
3.00850,4.0
3.01150,7.0
3.01450,4.0
3.01750,5.0
3.02050,9.0
3.02350,10.0
3.02650,7.0
3.02950,5.0
3.03250,13.0
3.03550,11.0
3.03850,15.0
3.04150,8.0
3.04450,13.0
3.04750,15.0
3.05050,11.0
3.05350,14.0
3.05650,8.0
3.05950,18.0
3.06250,11.0
3.06550,4.0
3.06850,1.0
3.07150,6.0
3.07450,4.0
3.07750,4.0
3.08050,4.0
3.08350,4.0
3.08650,4.0
3.08950,7.0
3.09250,5.0
3.09550,3.0
3.09850,8.0
3.10150,2.0
3.10450,5.0
3.10750,4.0
3.11050,5.0
3.11350,4.0
3.11650,8.0
3.11950,7.0
3.12250,7.0
3.12550,6.0
3.12850,10.0
3.13150,9.0
3.13450,4.0
3.13750,8.0
3.14050,13.0
3.14350,14.0
3.14650,12.0
3.14950,11.0
3.15250,7.0
3.15550,7.0
3.15850,10.0
3.16150,5.0
3.16450,8.0
3.16750,8.0
3.17050,4.0
3.17350,6.0
3.17650,3.0
3.17950,5.0
3.18250,10.0
3.18550,5.0
3.18850,2.0
3.19150,5.0
3.19450,4.0
3.19750,5.0
3.20050,8.0
3.20350,9.0
3.20650,7.0
3.20950,7.0
3.21250,5.0
3.21550,6.0
3.21850,4.0
3.22150,8.0
3.22450,6.0
3.22750,6.0
3.23050,9.0
3.23350,7.0
3.23650,4.0
3.23950,12.0
3.24250,5.0
3.24550,11.0
3.24850,9.0
3.25150,10.0
3.25450,7.0
3.25750,6.0
3.26050,4.0
3.26350,4.0
3.26650,7.0
3.26950,5.0
3.27250,5.0
3.27550,3.0
3.27850,1.0
3.28150,1.0
3.28450,4.0
3.28750,2.0
3.29050,7.0
3.29350,3.0
3.29650,4.0
3.29950,7.0
3.30250,2.0
3.30550,4.0
3.30850,2.0
3.31150,9.0
3.31450,13.0
3.31750,5.0
3.32050,8.0
3.32350,2.0
3.32650,10.0
3.32950,7.0
3.33250,4.0
3.33550,9.0
3.33850,7.0
3.34150,7.0
3.34450,3.0
3.34750,6.0
3.35050,5.0
3.35350,7.0
3.35650,3.0
3.35950,11.0
3.36250,6.0
3.36550,4.0
3.36850,7.0
3.37150,5.0
3.37450,4.0
3.37750,0.0
3.38050,4.0
3.38350,4.0
3.38650,3.0
3.38950,5.0
3.39250,7.0
3.39550,5.0
3.39850,4.0
3.40150,5.0
3.40450,7.0
3.40750,4.0
3.41050,6.0
3.41350,4.0
3.41650,7.0
3.41950,4.0
3.42250,2.0
3.42550,5.0
3.42850,4.0
3.43150,7.0
3.43450,4.0
3.43750,6.0
3.44050,6.0
3.44350,3.0
3.44650,9.0
3.44950,8.0
3.45250,11.0
3.45550,3.0
3.45850,5.0
3.46150,2.0
3.46450,5.0
3.46750,1.0
3.47050,2.0
3.47350,2.0
3.47650,6.0
3.47950,4.0
3.48250,7.0
3.48550,1.0
3.48850,3.0
3.49150,3.0
3.49450,4.0
3.49750,2.0
3.50050,3.0
3.50350,2.0
3.50650,5.0
3.50950,4.0
3.51250,8.0
3.51550,4.0
3.51850,7.0
3.52150,4.0
3.52450,10.0
3.52750,8.0
3.53050,4.0
3.53350,2.0
3.53650,4.0
3.53950,6.0
3.54250,4.0
3.54550,4.0
3.54850,2.0
3.55150,1.0
3.55450,3.0
3.55750,3.0
3.56050,2.0
3.56350,3.0
3.56650,3.0
3.56950,3.0
3.57250,1.0
3.57550,4.0
3.57850,1.0
3.58150,1.0
3.58450,2.0
3.58750,2.0
3.59050,4.0
3.59350,3.0
3.59650,4.0
3.59950,3.0
3.60250,4.0
3.60550,4.0
3.60850,3.0
3.61150,2.0
3.61450,7.0
3.61750,6.0
3.62050,5.0
3.62350,8.0
3.62650,6.0
3.62950,3.0
3.63250,3.0
3.63550,7.0
3.63850,8.0
3.64150,3.0
3.64450,5.0
3.64750,7.0
3.65050,2.0
3.65350,6.0
3.65650,2.0
3.65950,2.0
3.66250,2.0
3.66550,2.0
3.66850,3.0
3.67150,1.0
3.67450,0.0
3.67750,1.0
3.68050,3.0
3.68350,5.0
3.68650,5.0
3.68950,8.0
3.69250,2.0
3.69550,5.0
3.69850,7.0
3.70150,4.0
3.70450,8.0
3.70750,8.0
3.71050,4.0
3.71350,7.0
3.71650,5.0
3.71950,4.0
3.72250,8.0
3.72550,6.0
3.72850,7.0
3.73150,8.0
3.73450,5.0
3.73750,7.0
3.74050,5.0
3.74350,5.0
3.74650,6.0
3.74950,6.0
3.75250,4.0
3.75550,5.0
3.75850,4.0
3.76150,2.0
3.76450,5.0
3.76750,9.0
3.77050,6.0
3.77350,4.0
3.77650,10.0
3.77950,8.0
3.78250,7.0
3.78550,13.0
3.78850,25.0
3.79150,20.0
3.79450,21.0
3.79750,26.0
3.80050,25.0
3.80350,36.0
3.80650,37.0
3.80950,44.0
3.81250,44.0
3.81550,46.0
3.81850,36.0
3.82150,41.0
3.82450,58.0
3.82750,48.0
3.83050,57.0
3.83350,60.0
3.83650,86.0
3.83950,66.0
3.84250,82.0
3.84550,66.0
3.84850,86.0
3.85150,78.0
3.85450,74.0
3.85750,76.0
3.86050,82.0
3.86350,70.0
3.86650,53.0
3.86950,55.0
3.87250,50.0
3.87550,59.0
3.87850,57.0
3.88150,50.0
3.88450,52.0
3.88750,43.0
3.89050,36.0
3.89350,42.0
3.89650,27.0
3.89950,27.0
3.90250,32.0
3.90550,21.0
3.90850,21.0
3.91150,18.0
3.91450,11.0
3.91750,12.0
3.92050,10.0
3.92350,8.0
3.92650,8.0
3.92950,4.0
3.93250,3.0
3.93550,2.0
3.93850,6.0
3.94150,7.0
3.94450,12.0
3.94750,10.0
3.95050,4.0
3.95350,8.0
3.95650,3.0
3.95950,5.0
3.96250,10.0
3.96550,10.0
3.96850,9.0
3.97150,8.0
3.97450,6.0
3.97750,6.0
3.98050,4.0
3.98350,4.0
3.98650,4.0
3.98950,7.0
3.99250,7.0
3.99550,2.0
3.99850,2.0
4.00150,3.0
4.00450,7.0
4.00750,1.0
4.01050,4.0
4.01350,2.0
4.01650,2.0
4.01950,5.0
4.02250,2.0
4.02550,2.0
4.02850,3.0
4.03150,3.0
4.03450,7.0
4.03750,1.0
4.04050,4.0
4.04350,1.0
4.04650,3.0
4.04950,3.0
4.05250,4.0
4.05550,2.0
4.05850,4.0
4.06150,2.0
4.06450,5.0
4.06750,4.0
4.07050,4.0
4.07350,5.0
4.07650,2.0
4.07950,8.0
4.08250,3.0
4.08550,2.0
4.08850,1.0
4.09150,1.0
4.09450,0.0
4.09750,1.0
4.10050,4.0
4.10350,2.0
4.10650,4.0
4.10950,3.0
4.11250,3.0
4.11550,3.0
4.11850,2.0
4.12150,2.0
4.12450,2.0
4.12750,1.0
4.13050,3.0
4.13350,4.0
4.13650,4.0
4.13950,4.0
4.14250,0.0
4.14550,3.0
4.14850,2.0
4.15150,3.0
4.15450,1.0
4.15750,0.0
4.16050,4.0
4.16350,1.0
4.16650,1.0
4.16950,3.0
4.17250,2.0
4.17550,1.0
4.17850,2.0
4.18150,2.0
4.18450,3.0
4.18750,1.0
4.19050,1.0
4.19350,3.0
4.19650,0.0
4.19950,1.0
4.20250,2.0
4.20550,2.0
4.20850,3.0
4.21150,2.0
4.21450,1.0
4.21750,2.0
4.22050,1.0
4.22350,0.0
4.22650,1.0
4.22950,3.0
4.23250,1.0
4.23550,0.0
4.23850,3.0
4.24150,2.0
4.24450,1.0
4.24750,2.0
4.25050,4.0
4.25350,3.0
4.25650,1.0
4.25950,2.0
4.26250,1.0
4.26550,2.0
4.26850,1.0
4.27150,1.0
4.27450,2.0
4.27750,1.0
4.28050,5.0
4.28350,1.0
4.28650,3.0
4.28950,1.0
4.29250,2.0
4.29550,1.0
4.29850,3.0
4.30150,2.0
4.30450,3.0
4.30750,1.0
4.31050,3.0
4.31350,2.0
4.31650,2.0
4.31950,0.0
4.32250,0.0
4.32550,6.0
4.32850,0.0
4.33150,1.0
4.33450,0.0
4.33750,2.0
4.34050,2.0
4.34350,1.0
4.34650,4.0
4.34950,0.0
4.35250,2.0
4.35550,3.0
4.35850,1.0
4.36150,1.0
4.36450,0.0
4.36750,1.0
4.37050,0.0
4.37350,0.0
4.37650,2.0
4.37950,1.0
4.38250,2.0
4.38550,1.0
4.38850,1.0
4.39150,1.0
4.39450,1.0
4.39750,1.0
4.40050,0.0
4.40350,1.0
4.40650,1.0
4.40950,0.0
4.41250,3.0
4.41550,2.0
4.41850,0.0
4.42150,0.0
4.42450,2.0
4.42750,4.0
4.43050,1.0
4.43350,2.0
4.43650,1.0
4.43950,1.0
4.44250,0.0
4.44550,0.0
4.44850,0.0
4.45150,0.0
4.45450,1.0
4.45750,1.0
4.46050,2.0
4.46350,0.0
4.46650,0.0
4.46950,0.0
4.47250,2.0
4.47550,4.0
4.47850,1.0
4.48150,0.0
4.48450,1.0
4.48750,0.0
4.49050,1.0
4.49350,0.0
4.49650,0.0
4.49950,0.0
4.50250,0.0
4.50550,1.0
4.50850,1.0
4.51150,1.0
4.51450,2.0
4.51750,0.0
4.52050,1.0
4.52350,0.0
4.52650,2.0
4.52950,3.0
4.53250,0.0
4.53550,1.0
4.53850,1.0
4.54150,1.0
4.54450,2.0
4.54750,0.0
4.55050,1.0
4.55350,4.0
4.55650,0.0
4.55950,1.0
4.56250,0.0
4.56550,0.0
4.56850,0.0
4.57150,1.0
4.57450,2.0
4.57750,1.0
4.58050,0.0
4.58350,0.0
4.58650,0.0
4.58950,0.0
4.59250,1.0
4.59550,1.0
4.59850,1.0
4.60150,0.0
4.60450,0.0
4.60750,0.0
4.61050,0.0
4.61350,4.0
4.61650,1.0
4.61950,0.0
4.62250,1.0
4.62550,1.0
4.62850,1.0
4.63150,2.0
4.63450,1.0
4.63750,0.0
4.64050,1.0
4.64350,0.0
4.64650,1.0
4.64950,2.0
4.65250,1.0
4.65550,0.0
4.65850,1.0
4.66150,1.0
4.66450,0.0
4.66750,2.0
4.67050,0.0
4.67350,1.0
4.67650,1.0
4.67950,0.0
4.68250,0.0
4.68550,0.0
4.68850,1.0
4.69150,2.0
4.69450,1.0
4.69750,0.0
4.70050,0.0
4.70350,2.0
4.70650,4.0
4.70950,1.0
4.71250,1.0
4.71550,1.0
4.71850,2.0
4.72150,0.0
4.72450,1.0
4.72750,1.0
4.73050,0.0
4.73350,1.0
4.73650,0.0
4.73950,0.0
4.74250,0.0
4.74550,2.0
4.74850,2.0
4.75150,0.0
4.75450,2.0
4.75750,1.0
4.76050,0.0
4.76350,0.0
4.76650,0.0
4.76950,0.0
4.77250,0.0
4.77550,0.0
4.77850,1.0
4.78150,0.0
4.78450,0.0
4.78750,0.0
4.79050,0.0
4.79350,1.0
4.79650,2.0
4.79950,1.0
4.80250,1.0
4.80550,1.0
4.80850,1.0
4.81150,0.0
4.81450,0.0
4.81750,1.0
4.82050,1.0
4.82350,0.0
4.82650,0.0
4.82950,1.0
4.83250,0.0
4.83550,0.0
4.83850,0.0
4.84150,0.0
4.84450,0.0
4.84750,1.0
4.85050,2.0
4.85350,2.0
4.85650,1.0
4.85950,1.0
4.86250,2.0
4.86550,0.0
4.86850,0.0
4.87150,0.0
4.87450,0.0
4.87750,2.0
4.88050,2.0
4.88350,0.0
4.88650,1.0
4.88950,0.0
4.89250,0.0
4.89550,1.0
4.89850,0.0
4.90150,0.0
4.90450,0.0
4.90750,0.0
4.91050,2.0
4.91350,0.0
4.91650,0.0
4.91950,0.0
4.92250,0.0
4.92550,1.0
4.92850,2.0
4.93150,1.0
4.93450,1.0
4.93750,0.0
4.94050,0.0
4.94350,1.0
4.94650,0.0
4.94950,0.0
4.95250,1.0
4.95550,2.0
4.95850,1.0
4.96150,1.0
4.96450,0.0
4.96750,0.0
4.97050,1.0
4.97350,0.0
4.97650,0.0
4.97950,2.0
4.98250,1.0
4.98550,0.0
4.98850,0.0
4.99150,0.0
4.99450,1.0
4.99750,2.0
5.00050,0.0
5.00350,2.0
5.00650,0.0
5.00950,1.0
5.01250,0.0
5.01550,1.0
5.01850,0.0
5.02150,2.0
5.02450,0.0
5.02750,0.0
5.03050,0.0
5.03350,0.0
5.03650,0.0
5.03950,0.0
5.04250,0.0
5.04550,0.0
5.04850,0.0
5.05150,1.0
5.05450,0.0
5.05750,1.0
5.06050,0.0
5.06350,2.0
5.06650,0.0
5.06950,0.0
5.07250,1.0
5.07550,0.0
5.07850,0.0
5.08150,1.0
5.08450,0.0
5.08750,0.0
5.09050,0.0
5.09350,1.0
5.09650,0.0
5.09950,2.0
5.10250,0.0
5.10550,0.0
5.10850,0.0
5.11150,1.0
5.11450,1.0
5.11750,0.0
5.12050,1.0
5.12350,0.0
5.12650,0.0
5.12950,1.0
5.13250,0.0
5.13550,0.0
5.13850,1.0
5.14150,0.0
5.14450,1.0
5.14750,1.0
5.15050,1.0
5.15350,1.0
5.15650,0.0
5.15950,0.0
5.16250,0.0
5.16550,1.0
5.16850,0.0
5.17150,1.0
5.17450,0.0
5.17750,1.0
5.18050,0.0
5.18350,0.0
5.18650,0.0
5.18950,0.0
5.19250,3.0
5.19550,0.0
5.19850,1.0
5.20150,1.0
5.20450,0.0
5.20750,0.0
5.21050,1.0
5.21350,0.0
5.21650,1.0
5.21950,1.0
5.22250,0.0
5.22550,3.0
5.22850,0.0
5.23150,3.0
5.23450,1.0
5.23750,1.0
5.24050,0.0
5.24350,1.0
5.24650,0.0
5.24950,1.0
5.25250,0.0
5.25550,0.0
5.25850,0.0
5.26150,0.0
5.26450,1.0
5.26750,0.0
5.27050,0.0
5.27350,0.0
5.27650,0.0
5.27950,1.0
5.28250,1.0
5.28550,0.0
5.28850,0.0
5.29150,2.0
5.29450,1.0
5.29750,0.0
5.30050,0.0
5.30350,0.0
5.30650,0.0
5.30950,0.0
5.31250,1.0
5.31550,3.0
5.31850,1.0
5.32150,0.0
5.32450,1.0
5.32750,0.0
5.33050,1.0
5.33350,1.0
5.33650,2.0
5.33950,2.0
5.34250,0.0
5.34550,0.0
5.34850,0.0
5.35150,4.0
5.35450,1.0
5.35750,0.0
5.36050,0.0
5.36350,0.0
5.36650,0.0
5.36950,2.0
5.37250,0.0
5.37550,2.0
5.37850,1.0
5.38150,0.0
5.38450,0.0
5.38750,1.0
5.39050,3.0
5.39350,0.0
5.39650,1.0
5.39950,1.0
5.40250,3.0
5.40550,1.0
5.40850,1.0
5.41150,0.0
5.41450,1.0
5.41750,0.0
5.42050,0.0
5.42350,2.0
5.42650,1.0
5.42950,1.0
5.43250,1.0
5.43550,1.0
5.43850,0.0
5.44150,0.0
5.44450,1.0
5.44750,0.0
5.45050,1.0
5.45350,0.0
5.45650,0.0
5.45950,1.0
5.46250,1.0
5.46550,0.0
5.46850,1.0
5.47150,0.0
5.47450,0.0
5.47750,1.0
5.48050,0.0
5.48350,0.0
5.48650,0.0
5.48950,0.0
5.49250,0.0
5.49550,1.0
5.49850,0.0
5.50150,1.0
5.50450,2.0
5.50750,0.0
5.51050,2.0
5.51350,1.0
5.51650,0.0
5.51950,2.0
5.52250,0.0
5.52550,1.0
5.52850,0.0
5.53150,0.0
5.53450,1.0
5.53750,0.0
5.54050,0.0
5.54350,0.0
5.54650,0.0
5.54950,1.0
5.55250,1.0
5.55550,0.0
5.55850,1.0
5.56150,0.0
5.56450,0.0
5.56750,0.0
5.57050,2.0
5.57350,0.0
5.57650,2.0
5.57950,0.0
5.58250,0.0
5.58550,0.0
5.58850,2.0
5.59150,0.0
5.59450,1.0
5.59750,1.0
5.60050,0.0
5.60350,0.0
5.60650,0.0
5.60950,1.0
5.61250,0.0
5.61550,2.0
5.61850,0.0
5.62150,0.0
5.62450,0.0
5.62750,0.0
5.63050,0.0
5.63350,0.0
5.63650,0.0
5.63950,1.0
5.64250,1.0
5.64550,2.0
5.64850,1.0
5.65150,2.0
5.65450,0.0
5.65750,2.0
5.66050,1.0
5.66350,0.0
5.66650,1.0
5.66950,1.0
5.67250,2.0
5.67550,1.0
5.67850,1.0
5.68150,1.0
5.68450,1.0
5.68750,2.0
5.69050,1.0
5.69350,0.0
5.69650,2.0
5.69950,2.0
5.70250,2.0
5.70550,2.0
5.70850,0.0
5.71150,2.0
5.71450,4.0
5.71750,5.0
5.72050,3.0
5.72350,3.0
5.72650,3.0
5.72950,8.0
5.73250,1.0
5.73550,8.0
5.73850,4.0
5.74150,2.0
5.74450,0.0
5.74750,2.0
5.75050,3.0
5.75350,5.0
5.75650,4.0
5.75950,5.0
5.76250,3.0
5.76550,2.0
5.76850,0.0
5.77150,4.0
5.77450,4.0
5.77750,2.0
5.78050,4.0
5.78350,2.0
5.78650,1.0
5.78950,3.0
5.79250,2.0
5.79550,1.0
5.79850,0.0
5.80150,0.0
5.80450,0.0
5.80750,3.0
5.81050,0.0
5.81350,2.0
5.81650,2.0
5.81950,0.0
5.82250,3.0
5.82550,0.0
5.82850,0.0
5.83150,1.0
5.83450,0.0
5.83750,0.0
5.84050,1.0
5.84350,1.0
5.84650,0.0
5.84950,1.0
5.85250,0.0
5.85550,0.0
5.85850,0.0
5.86150,0.0
5.86450,0.0
5.86750,1.0
5.87050,1.0
5.87350,2.0
5.87650,2.0
5.87950,3.0
5.88250,0.0
5.88550,0.0
5.88850,0.0
5.89150,2.0
5.89450,3.0
5.89750,1.0
5.90050,0.0
5.90350,2.0
5.90650,2.0
5.90950,1.0
5.91250,1.0
5.91550,0.0
5.91850,0.0
5.92150,0.0
5.92450,0.0
5.92750,1.0
5.93050,0.0
5.93350,1.0
5.93650,1.0
5.93950,0.0
5.94250,0.0
5.94550,0.0
5.94850,0.0
5.95150,0.0
5.95450,1.0
5.95750,0.0
5.96050,2.0
5.96350,1.0
5.96650,0.0
5.96950,1.0
5.97250,0.0
5.97550,2.0
5.97850,0.0
5.98150,1.0
5.98450,0.0
5.98750,0.0
5.99050,0.0
5.99350,1.0
5.99650,2.0
5.99950,1.0
6.00250,0.0
6.00550,1.0
6.00850,0.0
6.01150,1.0
6.01450,1.0
6.01750,1.0
6.02050,0.0
6.02350,0.0
6.02650,1.0
6.02950,0.0
6.03250,1.0
6.03550,0.0
6.03850,0.0
6.04150,0.0
6.04450,0.0
6.04750,0.0
6.05050,0.0
6.05350,1.0
6.05650,0.0
6.05950,1.0
6.06250,0.0
6.06550,2.0
6.06850,1.0
6.07150,0.0
6.07450,1.0
6.07750,0.0
6.08050,0.0
6.08350,0.0
6.08650,4.0
6.08950,2.0
6.09250,0.0
6.09550,2.0
6.09850,2.0
6.10150,0.0
6.10450,0.0
6.10750,2.0
6.11050,0.0
6.11350,0.0
6.11650,0.0
6.11950,0.0
6.12250,2.0
6.12550,1.0
6.12850,0.0
6.13150,0.0
6.13450,0.0
6.13750,0.0
6.14050,1.0
6.14350,0.0
6.14650,2.0
6.14950,0.0
6.15250,0.0
6.15550,0.0
6.15850,3.0
6.16150,0.0
6.16450,0.0
6.16750,0.0
6.17050,2.0
6.17350,2.0
6.17650,1.0
6.17950,1.0
6.18250,1.0
6.18550,1.0
6.18850,0.0
6.19150,0.0
6.19450,1.0
6.19750,1.0
6.20050,1.0
6.20350,1.0
6.20650,0.0
6.20950,4.0
6.21250,2.0
6.21550,0.0
6.21850,0.0
6.22150,0.0
6.22450,0.0
6.22750,0.0
6.23050,0.0
6.23350,1.0
6.23650,0.0
6.23950,0.0
6.24250,3.0
6.24550,0.0
6.24850,0.0
6.25150,0.0
6.25450,1.0
6.25750,0.0
6.26050,0.0
6.26350,2.0
6.26650,0.0
6.26950,0.0
6.27250,0.0
6.27550,1.0
6.27850,1.0
6.28150,0.0
6.28450,0.0
6.28750,2.0
6.29050,1.0
6.29350,0.0
6.29650,1.0
6.29950,0.0
6.30250,1.0
6.30550,1.0
6.30850,0.0
6.31150,0.0
6.31450,1.0
6.31750,0.0
6.32050,0.0
6.32350,0.0
6.32650,1.0
6.32950,0.0
6.33250,0.0
6.33550,1.0
6.33850,0.0
6.34150,4.0
6.34450,0.0
6.34750,0.0
6.35050,0.0
6.35350,0.0
6.35650,2.0
6.35950,0.0
6.36250,0.0
6.36550,0.0
6.36850,0.0
6.37150,1.0
6.37450,1.0
6.37750,0.0
6.38050,0.0
6.38350,1.0
6.38650,1.0
6.38950,0.0
6.39250,0.0
6.39550,1.0
6.39850,0.0
6.40150,1.0
6.40450,1.0
6.40750,2.0
6.41050,1.0
6.41350,0.0
6.41650,2.0
6.41950,1.0
6.42250,0.0
6.42550,1.0
6.42850,0.0
6.43150,0.0
6.43450,1.0
6.43750,0.0
6.44050,0.0
6.44350,0.0
6.44650,3.0
6.44950,1.0
6.45250,0.0
6.45550,1.0
6.45850,1.0
6.46150,0.0
6.46450,0.0
6.46750,0.0
6.47050,0.0
6.47350,1.0
6.47650,0.0
6.47950,0.0
6.48250,1.0
6.48550,0.0
6.48850,0.0
6.49150,0.0
6.49450,0.0
6.49750,0.0
6.50050,0.0
6.50350,0.0
6.50650,2.0
6.50950,0.0
6.51250,1.0
6.51550,1.0
6.51850,0.0
6.52150,0.0
6.52450,1.0
6.52750,0.0
6.53050,1.0
6.53350,2.0
6.53650,1.0
6.53950,2.0
6.54250,1.0
6.54550,0.0
6.54850,0.0
6.55150,2.0
6.55450,0.0
6.55750,2.0
6.56050,2.0
6.56350,0.0
6.56650,0.0
6.56950,0.0
6.57250,0.0
6.57550,0.0
6.57850,0.0
6.58150,1.0
6.58450,0.0
6.58750,1.0
6.59050,2.0
6.59350,1.0
6.59650,0.0
6.59950,1.0
6.60250,0.0
6.60550,2.0
6.60850,3.0
6.61150,0.0
6.61450,0.0
6.61750,1.0
6.62050,2.0
6.62350,1.0
6.62650,1.0
6.62950,0.0
6.63250,0.0
6.63550,0.0
6.63850,0.0
6.64150,1.0
6.64450,0.0
6.64750,1.0
6.65050,1.0
6.65350,0.0
6.65650,0.0
6.65950,0.0
6.66250,3.0
6.66550,1.0
6.66850,0.0
6.67150,0.0
6.67450,0.0
6.67750,0.0
6.68050,0.0
6.68350,1.0
6.68650,0.0
6.68950,0.0
6.69250,0.0
6.69550,0.0
6.69850,0.0
6.70150,2.0
6.70450,0.0
6.70750,0.0
6.71050,1.0
6.71350,0.0
6.71650,0.0
6.71950,0.0
6.72250,2.0
6.72550,0.0
6.72850,0.0
6.73150,0.0
6.73450,0.0
6.73750,1.0
6.74050,0.0
6.74350,1.0
6.74650,1.0
6.74950,1.0
6.75250,0.0
6.75550,0.0
6.75850,0.0
6.76150,0.0
6.76450,0.0
6.76750,0.0
6.77050,0.0
6.77350,0.0
6.77650,0.0
6.77950,1.0
6.78250,1.0
6.78550,0.0
6.78850,1.0
6.79150,3.0
6.79450,0.0
6.79750,0.0
6.80050,2.0
6.80350,0.0
6.80650,1.0
6.80950,0.0
6.81250,0.0
6.81550,0.0
6.81850,0.0
6.82150,0.0
6.82450,0.0
6.82750,0.0
6.83050,0.0
6.83350,0.0
6.83650,0.0
6.83950,2.0
6.84250,0.0
6.84550,1.0
6.84850,0.0
6.85150,0.0
6.85450,0.0
6.85750,1.0
6.86050,0.0
6.86350,1.0
6.86650,0.0
6.86950,0.0
6.87250,0.0
6.87550,1.0
6.87850,0.0
6.88150,1.0
6.88450,1.0
6.88750,0.0
6.89050,0.0
6.89350,0.0
6.89650,0.0
6.89950,1.0
6.90250,2.0
6.90550,0.0
6.90850,0.0
6.91150,0.0
6.91450,0.0
6.91750,1.0
6.92050,1.0
6.92350,2.0
6.92650,1.0
6.92950,0.0
6.93250,0.0
6.93550,2.0
6.93850,1.0
6.94150,0.0
6.94450,0.0
6.94750,0.0
6.95050,0.0
6.95350,0.0
6.95650,0.0
6.95950,1.0
6.96250,0.0
6.96550,1.0
6.96850,0.0
6.97150,0.0
6.97450,0.0
6.97750,2.0
6.98050,0.0
6.98350,1.0
6.98650,0.0
6.98950,0.0
6.99250,0.0
6.99550,1.0
6.99850,0.0
7.00150,1.0
7.00450,0.0
7.00750,0.0
7.01050,0.0
7.01350,0.0
7.01650,0.0
7.01950,1.0
7.02250,0.0
7.02550,0.0
7.02850,0.0
7.03150,0.0
7.03450,1.0
7.03750,0.0
7.04050,0.0
7.04350,0.0
7.04650,0.0
7.04950,0.0
7.05250,0.0
7.05550,0.0
7.05850,0.0
7.06150,0.0
7.06450,1.0
7.06750,2.0
7.07050,1.0
7.07350,0.0
7.07650,0.0
7.07950,1.0
7.08250,0.0
7.08550,0.0
7.08850,4.0
7.09150,1.0
7.09450,1.0
7.09750,1.0
7.10050,0.0
7.10350,1.0
7.10650,1.0
7.10950,1.0
7.11250,0.0
7.11550,1.0
7.11850,2.0
7.12150,1.0
7.12450,0.0
7.12750,1.0
7.13050,1.0
7.13350,0.0
7.13650,0.0
7.13950,1.0
7.14250,0.0
7.14550,0.0
7.14850,1.0
7.15150,0.0
7.15450,0.0
7.15750,0.0
7.16050,0.0
7.16350,0.0
7.16650,1.0
7.16950,0.0
7.17250,0.0
7.17550,0.0
7.17850,0.0
7.18150,0.0
7.18450,0.0
7.18750,0.0
7.19050,0.0
7.19350,0.0
7.19650,1.0
7.19950,0.0
7.20250,0.0
7.20550,0.0
7.20850,0.0
7.21150,0.0
7.21450,0.0
7.21750,0.0
7.22050,0.0
7.22350,0.0
7.22650,0.0
7.22950,0.0
7.23250,0.0
7.23550,0.0
7.23850,0.0
7.24150,1.0
7.24450,0.0
7.24750,0.0
7.25050,0.0
7.25350,1.0
7.25650,0.0
7.25950,2.0
7.26250,0.0
7.26550,0.0
7.26850,0.0
7.27150,0.0
7.27450,0.0
7.27750,0.0
7.28050,1.0
7.28350,1.0
7.28650,0.0
7.28950,0.0
7.29250,0.0
7.29550,0.0
7.29850,1.0
7.30150,1.0
7.30450,0.0
7.30750,0.0
7.31050,3.0
7.31350,0.0
7.31650,0.0
7.31950,2.0
7.32250,0.0
7.32550,0.0
7.32850,0.0
7.33150,0.0
7.33450,1.0
7.33750,0.0
7.34050,1.0
7.34350,1.0
7.34650,1.0
7.34950,3.0
7.35250,1.0
7.35550,1.0
7.35850,0.0
7.36150,0.0
7.36450,1.0
7.36750,0.0
7.37050,0.0
7.37350,1.0
7.37650,0.0
7.37950,0.0
7.38250,1.0
7.38550,1.0
7.38850,0.0
7.39150,0.0
7.39450,0.0
7.39750,1.0
7.40050,0.0
7.40350,0.0
7.40650,1.0
7.40950,0.0
7.41250,0.0
7.41550,0.0
7.41850,0.0
7.42150,0.0
7.42450,0.0
7.42750,1.0
7.43050,0.0
7.43350,0.0
7.43650,0.0
7.43950,0.0
7.44250,1.0
7.44550,0.0
7.44850,0.0
7.45150,0.0
7.45450,0.0
7.45750,0.0
7.46050,0.0
7.46350,0.0
7.46650,1.0
7.46950,0.0
7.47250,0.0
7.47550,1.0
7.47850,0.0
7.48150,0.0
7.48450,0.0
7.48750,0.0
7.49050,1.0
7.49350,0.0
7.49650,1.0
7.49950,0.0
7.50250,0.0
7.50550,1.0
7.50850,0.0
7.51150,0.0
7.51450,0.0
7.51750,0.0
7.52050,0.0
7.52350,0.0
7.52650,2.0
7.52950,1.0
7.53250,1.0
7.53550,2.0
7.53850,0.0
7.54150,0.0
7.54450,0.0
7.54750,0.0
7.55050,1.0
7.55350,0.0
7.55650,1.0
7.55950,0.0
7.56250,1.0
7.56550,0.0
7.56850,1.0
7.57150,0.0
7.57450,1.0
7.57750,0.0
7.58050,0.0
7.58350,0.0
7.58650,0.0
7.58950,0.0
7.59250,0.0
7.59550,0.0
7.59850,1.0
7.60150,1.0
7.60450,0.0
7.60750,0.0
7.61050,0.0
7.61350,1.0
7.61650,0.0
7.61950,0.0
7.62250,1.0
7.62550,0.0
7.62850,0.0
7.63150,0.0
7.63450,2.0
7.63750,1.0
7.64050,0.0
7.64350,0.0
7.64650,1.0
7.64950,0.0
7.65250,1.0
7.65550,0.0
7.65850,0.0
7.66150,0.0
7.66450,0.0
7.66750,1.0
7.67050,0.0
7.67350,3.0
7.67650,0.0
7.67950,2.0
7.68250,0.0
7.68550,2.0
7.68850,0.0
7.69150,1.0
7.69450,0.0
7.69750,1.0
7.70050,0.0
7.70350,0.0
7.70650,0.0
7.70950,0.0
7.71250,1.0
7.71550,0.0
7.71850,0.0
7.72150,0.0
7.72450,0.0
7.72750,0.0
7.73050,0.0
7.73350,0.0
7.73650,0.0
7.73950,2.0
7.74250,0.0
7.74550,0.0
7.74850,0.0
7.75150,1.0
7.75450,0.0
7.75750,1.0
7.76050,0.0
7.76350,0.0
7.76650,0.0
7.76950,0.0
7.77250,0.0
7.77550,2.0
7.77850,0.0
7.78150,0.0
7.78450,0.0
7.78750,0.0
7.79050,0.0
7.79350,0.0
7.79650,0.0
7.79950,0.0
7.80250,1.0
7.80550,1.0
7.80850,0.0
7.81150,1.0
7.81450,0.0
7.81750,1.0
7.82050,0.0
7.82350,0.0
7.82650,0.0
7.82950,0.0
7.83250,0.0
7.83550,1.0
7.83850,0.0
7.84150,1.0
7.84450,1.0
7.84750,0.0
7.85050,0.0
7.85350,2.0
7.85650,0.0
7.85950,0.0
7.86250,0.0
7.86550,1.0
7.86850,1.0
7.87150,0.0
7.87450,0.0
7.87750,0.0
7.88050,0.0
7.88350,2.0
7.88650,0.0
7.88950,0.0
7.89250,0.0
7.89550,1.0
7.89850,0.0
7.90150,0.0
7.90450,0.0
7.90750,0.0
7.91050,0.0
7.91350,0.0
7.91650,0.0
7.91950,0.0
7.92250,1.0
7.92550,0.0
7.92850,1.0
7.93150,1.0
7.93450,0.0
7.93750,0.0
7.94050,0.0
7.94350,0.0
7.94650,0.0
7.94950,0.0
7.95250,1.0
7.95550,1.0
7.95850,0.0
7.96150,1.0
7.96450,1.0
7.96750,0.0
7.97050,0.0
7.97350,2.0
7.97650,0.0
7.97950,0.0
7.98250,1.0
7.98550,0.0
7.98850,1.0
7.99150,0.0
7.99450,0.0
7.99750,0.0
8.00050,1.0
8.00350,1.0
8.00650,0.0
8.00950,0.0
8.01250,2.0
8.01550,0.0
8.01850,0.0
8.02150,0.0
8.02450,0.0
8.02750,0.0
8.03050,1.0
8.03350,0.0
8.03650,0.0
8.03950,0.0
8.04250,0.0
8.04550,0.0
8.04850,0.0
8.05150,0.0
8.05450,0.0
8.05750,0.0
8.06050,0.0
8.06350,1.0
8.06650,0.0
8.06950,2.0
8.07250,0.0
8.07550,0.0
8.07850,0.0
8.08150,0.0
8.08450,2.0
8.08750,0.0
8.09050,0.0
8.09350,0.0
8.09650,0.0
8.09950,0.0
8.10250,0.0
8.10550,0.0
8.10850,0.0
8.11150,0.0
8.11450,1.0
8.11750,0.0
8.12050,1.0
8.12350,0.0
8.12650,0.0
8.12950,0.0
8.13250,0.0
8.13550,0.0
8.13850,1.0
8.14150,0.0
8.14450,0.0
8.14750,0.0
8.15050,0.0
8.15350,2.0
8.15650,0.0
8.15950,1.0
8.16250,0.0
8.16550,1.0
8.16850,0.0
8.17150,0.0
8.17450,0.0
8.17750,0.0
8.18050,1.0
8.18350,0.0
8.18650,0.0
8.18950,0.0
8.19250,0.0
8.19550,0.0
8.19850,1.0
8.20150,0.0
8.20450,0.0
8.20750,0.0
8.21050,0.0
8.21350,0.0
8.21650,0.0
8.21950,0.0
8.22250,1.0
8.22550,0.0
8.22850,0.0
8.23150,0.0
8.23450,0.0
8.23750,1.0
8.24050,0.0
8.24350,0.0
8.24650,0.0
8.24950,2.0
8.25250,0.0
8.25550,0.0
8.25850,0.0
8.26150,0.0
8.26450,1.0
8.26750,0.0
8.27050,0.0
8.27350,0.0
8.27650,1.0
8.27950,1.0
8.28250,0.0
8.28550,0.0
8.28850,1.0
8.29150,0.0
8.29450,0.0
8.29750,0.0
8.30050,0.0
8.30350,1.0
8.30650,0.0
8.30950,1.0
8.31250,1.0
8.31550,0.0
8.31850,0.0
8.32150,3.0
8.32450,0.0
8.32750,1.0
8.33050,0.0
8.33350,2.0
8.33650,0.0
8.33950,0.0
8.34250,1.0
8.34550,0.0
8.34850,1.0
8.35150,1.0
8.35450,0.0
8.35750,0.0
8.36050,0.0
8.36350,0.0
8.36650,0.0
8.36950,1.0
8.37250,0.0
8.37550,0.0
8.37850,0.0
8.38150,0.0
8.38450,1.0
8.38750,0.0
8.39050,0.0
8.39350,0.0
8.39650,1.0
8.39950,0.0
8.40250,0.0
8.40550,1.0
8.40850,1.0
8.41150,0.0
8.41450,0.0
8.41750,1.0
8.42050,0.0
8.42350,0.0
8.42650,1.0
8.42950,0.0
8.43250,0.0
8.43550,1.0
8.43850,0.0
8.44150,1.0
8.44450,0.0
8.44750,0.0
8.45050,0.0
8.45350,0.0
8.45650,0.0
8.45950,0.0
8.46250,0.0
8.46550,0.0
8.46850,1.0
8.47150,0.0
8.47450,0.0
8.47750,0.0
8.48050,2.0
8.48350,0.0
8.48650,0.0
8.48950,0.0
8.49250,0.0
8.49550,0.0
8.49850,0.0
8.50150,1.0
8.50450,0.0
8.50750,0.0
8.51050,0.0
8.51350,1.0
8.51650,0.0
8.51950,1.0
8.52250,1.0
8.52550,1.0
8.52850,1.0
8.53150,1.0
8.53450,0.0
8.53750,1.0
8.54050,0.0
8.54350,1.0
8.54650,0.0
8.54950,0.0
8.55250,0.0
8.55550,0.0
8.55850,0.0
8.56150,0.0
8.56450,0.0
8.56750,0.0
8.57050,0.0
8.57350,1.0
8.57650,0.0
8.57950,0.0
8.58250,0.0
8.58550,0.0
8.58850,0.0
8.59150,0.0
8.59450,0.0
8.59750,0.0
8.60050,0.0
8.60350,0.0
8.60650,1.0
8.60950,0.0
8.61250,0.0
8.61550,0.0
8.61850,1.0
8.62150,0.0
8.62450,1.0
8.62750,0.0
8.63050,2.0
8.63350,0.0
8.63650,0.0
8.63950,0.0
8.64250,0.0
8.64550,0.0
8.64850,0.0
8.65150,0.0
8.65450,0.0
8.65750,0.0
8.66050,0.0
8.66350,1.0
8.66650,0.0
8.66950,2.0
8.67250,0.0
8.67550,0.0
8.67850,0.0
8.68150,0.0
8.68450,1.0
8.68750,0.0
8.69050,0.0
8.69350,0.0
8.69650,0.0
8.69950,1.0
8.70250,0.0
8.70550,0.0
8.70850,0.0
8.71150,1.0
8.71450,0.0
8.71750,0.0
8.72050,0.0
8.72350,0.0
8.72650,0.0
8.72950,0.0
8.73250,0.0
8.73550,0.0
8.73850,0.0
8.74150,0.0
8.74450,2.0
8.74750,0.0
8.75050,0.0
8.75350,0.0
8.75650,0.0
8.75950,0.0
8.76250,0.0
8.76550,1.0
8.76850,2.0
8.77150,0.0
8.77450,0.0
8.77750,1.0
8.78050,0.0
8.78350,1.0
8.78650,0.0
8.78950,1.0
8.79250,0.0
8.79550,0.0
8.79850,0.0
8.80150,0.0
8.80450,0.0
8.80750,2.0
8.81050,0.0
8.81350,0.0
8.81650,0.0
8.81950,0.0
8.82250,0.0
8.82550,0.0
8.82850,0.0
8.83150,1.0
8.83450,1.0
8.83750,0.0
8.84050,1.0
8.84350,0.0
8.84650,0.0
8.84950,0.0
8.85250,1.0
8.85550,1.0
8.85850,0.0
8.86150,0.0
8.86450,0.0
8.86750,1.0
8.87050,0.0
8.87350,0.0
8.87650,1.0
8.87950,0.0
8.88250,1.0
8.88550,0.0
8.88850,0.0
8.89150,0.0
8.89450,1.0
8.89750,0.0
8.90050,0.0
8.90350,0.0
8.90650,0.0
8.90950,1.0
8.91250,0.0
8.91550,0.0
8.91850,0.0
8.92150,0.0
8.92450,0.0
8.92750,0.0
8.93050,0.0
8.93350,0.0
8.93650,0.0
8.93950,0.0
8.94250,0.0
8.94550,0.0
8.94850,0.0
8.95150,0.0
8.95450,0.0
8.95750,0.0
8.96050,1.0
8.96350,1.0
8.96650,0.0
8.96950,0.0
8.97250,0.0
8.97550,0.0
8.97850,0.0
8.98150,0.0
8.98450,1.0
8.98750,0.0
8.99050,0.0
8.99350,0.0
8.99650,0.0
8.99950,0.0
9.00250,0.0
9.00550,1.0
9.00850,1.0
9.01150,0.0
9.01450,0.0
9.01750,0.0
9.02050,1.0
9.02350,0.0
9.02650,1.0
9.02950,0.0
9.03250,0.0
9.03550,3.0
9.03850,0.0
9.04150,0.0
9.04450,1.0
9.04750,0.0
9.05050,0.0
9.05350,1.0
9.05650,1.0
9.05950,0.0
9.06250,0.0
9.06550,0.0
9.06850,1.0
9.07150,0.0
9.07450,0.0
9.07750,0.0
9.08050,0.0
9.08350,1.0
9.08650,0.0
9.08950,0.0
9.09250,0.0
9.09550,0.0
9.09850,0.0
9.10150,0.0
9.10450,0.0
9.10750,1.0
9.11050,0.0
9.11350,0.0
9.11650,0.0
9.11950,0.0
9.12250,0.0
9.12550,0.0
9.12850,0.0
9.13150,0.0
9.13450,0.0
9.13750,0.0
9.14050,1.0
9.14350,0.0
9.14650,0.0
9.14950,0.0
9.15250,0.0
9.15550,0.0
9.15850,0.0
9.16150,0.0
9.16450,1.0
9.16750,0.0
9.17050,0.0
9.17350,0.0
9.17650,1.0
9.17950,1.0
9.18250,0.0
9.18550,0.0
9.18850,0.0
9.19150,0.0
9.19450,0.0
9.19750,0.0
9.20050,1.0
9.20350,0.0
9.20650,0.0
9.20950,0.0
9.21250,0.0
9.21550,0.0
9.21850,0.0
9.22150,1.0
9.22450,1.0
9.22750,0.0
9.23050,0.0
9.23350,0.0
9.23650,0.0
9.23950,0.0
9.24250,0.0
9.24550,0.0
9.24850,0.0
9.25150,0.0
9.25450,0.0
9.25750,0.0
9.26050,0.0
9.26350,0.0
9.26650,0.0
9.26950,0.0
9.27250,0.0
9.27550,0.0
9.27850,0.0
9.28150,0.0
9.28450,0.0
9.28750,0.0
9.29050,1.0
9.29350,0.0
9.29650,0.0
9.29950,0.0
9.30250,0.0
9.30550,0.0
9.30850,0.0
9.31150,0.0
9.31450,0.0
9.31750,0.0
9.32050,0.0
9.32350,0.0
9.32650,0.0
9.32950,0.0
9.33250,0.0
9.33550,0.0
9.33850,0.0
9.34150,0.0
9.34450,0.0
9.34750,0.0
9.35050,0.0
9.35350,0.0
9.35650,0.0
9.35950,0.0
9.36250,0.0
9.36550,0.0
9.36850,0.0
9.37150,0.0
9.37450,0.0
9.37750,0.0
9.38050,0.0
9.38350,0.0
9.38650,0.0
9.38950,0.0
9.39250,0.0
9.39550,0.0
9.39850,1.0
9.40150,0.0
9.40450,0.0
9.40750,0.0
9.41050,0.0
9.41350,0.0
9.41650,1.0
9.41950,0.0
9.42250,0.0
9.42550,0.0
9.42850,0.0
9.43150,0.0
9.43450,0.0
9.43750,0.0
9.44050,0.0
9.44350,0.0
9.44650,0.0
9.44950,1.0
9.45250,0.0
9.45550,1.0
9.45850,0.0
9.46150,0.0
9.46450,0.0
9.46750,0.0
9.47050,2.0
9.47350,0.0
9.47650,0.0
9.47950,1.0
9.48250,1.0
9.48550,0.0
9.48850,0.0
9.49150,1.0
9.49450,0.0
9.49750,0.0
9.50050,0.0
9.50350,0.0
9.50650,0.0
9.50950,0.0
9.51250,1.0
9.51550,0.0
9.51850,0.0
9.52150,0.0
9.52450,0.0
9.52750,0.0
9.53050,0.0
9.53350,0.0
9.53650,0.0
9.53950,1.0
9.54250,1.0
9.54550,0.0
9.54850,1.0
9.55150,0.0
9.55450,0.0
9.55750,0.0
9.56050,0.0
9.56350,0.0
9.56650,0.0
9.56950,0.0
9.57250,0.0
9.57550,0.0
9.57850,0.0
9.58150,0.0
9.58450,0.0
9.58750,0.0
9.59050,0.0
9.59350,0.0
9.59650,1.0
9.59950,0.0
9.60250,0.0
9.60550,0.0
9.60850,2.0
9.61150,0.0
9.61450,1.0
9.61750,1.0
9.62050,0.0
9.62350,0.0
9.62650,0.0
9.62950,1.0
9.63250,0.0
9.63550,0.0
9.63850,0.0
9.64150,0.0
9.64450,3.0
9.64750,1.0
9.65050,0.0
9.65350,0.0
9.65650,0.0
9.65950,0.0
9.66250,0.0
9.66550,0.0
9.66850,0.0
9.67150,1.0
9.67450,0.0
9.67750,0.0
9.68050,0.0
9.68350,0.0
9.68650,0.0
9.68950,0.0
9.69250,0.0
9.69550,0.0
9.69850,0.0
9.70150,0.0
9.70450,1.0
9.70750,0.0
9.71050,1.0
9.71350,5.0
9.71650,0.0
9.71950,0.0
9.72250,0.0
9.72550,0.0
9.72850,0.0
9.73150,1.0
9.73450,0.0
9.73750,0.0
9.74050,0.0
9.74350,2.0
9.74650,0.0
9.74950,0.0
9.75250,0.0
9.75550,0.0
9.75850,0.0
9.76150,1.0
9.76450,0.0
9.76750,0.0
9.77050,0.0
9.77350,0.0
9.77650,0.0
9.77950,0.0
9.78250,0.0
9.78550,0.0
9.78850,0.0
9.79150,2.0
9.79450,1.0
9.79750,0.0
9.80050,0.0
9.80350,0.0
9.80650,0.0
9.80950,1.0
9.81250,0.0
9.81550,0.0
9.81850,0.0
9.82150,0.0
9.82450,0.0
9.82750,0.0
9.83050,0.0
9.83350,1.0
9.83650,0.0
9.83950,1.0
9.84250,0.0
9.84550,1.0
9.84850,0.0
9.85150,0.0
9.85450,0.0
9.85750,2.0
9.86050,0.0
9.86350,1.0
9.86650,1.0
9.86950,0.0
9.87250,0.0
9.87550,1.0
9.87850,0.0
9.88150,0.0
9.88450,0.0
9.88750,1.0
9.89050,1.0
9.89350,0.0
9.89650,0.0
9.89950,0.0
9.90250,0.0
9.90550,0.0
9.90850,0.0
9.91150,1.0
9.91450,0.0
9.91750,0.0
9.92050,0.0
9.92350,2.0
9.92650,0.0
9.92950,0.0
9.93250,0.0
9.93550,1.0
9.93850,1.0
9.94150,1.0
9.94450,0.0
9.94750,1.0
9.95050,0.0
9.95350,0.0
9.95650,0.0
9.95950,0.0
9.96250,1.0
9.96550,1.0
9.96850,0.0
9.97150,0.0
9.97450,0.0
9.97750,1.0
9.98050,0.0
9.98350,0.0
9.98650,1.0
9.98950,1.0
9.99250,1.0
9.99550,1.0
9.99850,0.0
10.00150,0.0
10.00450,1.0
10.00750,0.0
10.01050,0.0
10.01350,0.0
10.01650,0.0
10.01950,0.0
10.02250,0.0
10.02550,0.0
10.02850,0.0
10.03150,0.0
10.03450,0.0
10.03750,1.0
10.04050,0.0
10.04350,0.0
10.04650,1.0
10.04950,0.0
10.05250,0.0
10.05550,0.0
10.05850,0.0
10.06150,0.0
10.06450,0.0
10.06750,0.0
10.07050,0.0
10.07350,1.0
10.07650,0.0
10.07950,0.0
10.08250,1.0
10.08550,0.0
10.08850,0.0
10.09150,1.0
10.09450,0.0
10.09750,0.0
10.10050,1.0
10.10350,0.0
10.10650,0.0
10.10950,1.0
10.11250,1.0
10.11550,0.0
10.11850,0.0
10.12150,2.0
10.12450,0.0
10.12750,0.0
10.13050,1.0
10.13350,1.0
10.13650,0.0
10.13950,0.0
10.14250,0.0
10.14550,1.0
10.14850,0.0
10.15150,1.0
10.15450,1.0
10.15750,1.0
10.16050,0.0
10.16350,0.0
10.16650,0.0
10.16950,1.0
10.17250,1.0
10.17550,0.0
10.17850,0.0
10.18150,2.0
10.18450,1.0
10.18750,0.0
10.19050,0.0
10.19350,0.0
10.19650,0.0
10.19950,0.0
10.20250,0.0
10.20550,0.0
10.20850,0.0
10.21150,0.0
10.21450,0.0
10.21750,0.0
10.22050,0.0
10.22350,0.0
10.22650,0.0
10.22950,0.0
10.23250,0.0
10.23550,2.0
10.23850,0.0
10.24150,0.0
10.24450,0.0
10.24750,1.0
10.25050,0.0
10.25350,1.0
10.25650,0.0
10.25950,0.0
10.26250,0.0
10.26550,0.0
10.26850,1.0
10.27150,2.0
10.27450,0.0
10.27750,0.0
10.28050,0.0
10.28350,0.0
10.28650,0.0
10.28950,0.0
10.29250,0.0
10.29550,0.0
10.29850,0.0
10.30150,1.0
10.30450,1.0
10.30750,0.0
10.31050,0.0
10.31350,0.0
10.31650,0.0
10.31950,0.0
10.32250,0.0
10.32550,0.0
10.32850,0.0
10.33150,1.0
10.33450,0.0
10.33750,1.0
10.34050,0.0
10.34350,0.0
10.34650,0.0
10.34950,1.0
10.35250,0.0
10.35550,0.0
10.35850,0.0
10.36150,1.0
10.36450,0.0
10.36750,0.0
10.37050,0.0
10.37350,0.0
10.37650,0.0
10.37950,0.0
10.38250,0.0
10.38550,0.0
10.38850,0.0
10.39150,0.0
10.39450,1.0
10.39750,0.0
10.40050,0.0
10.40350,0.0
10.40650,0.0
10.40950,0.0
10.41250,1.0
10.41550,0.0
10.41850,0.0
10.42150,0.0
10.42450,0.0
10.42750,0.0
10.43050,0.0
10.43350,0.0
10.43650,0.0
10.43950,0.0
10.44250,1.0
10.44550,0.0
10.44850,0.0
10.45150,0.0
10.45450,0.0
10.45750,0.0
10.46050,0.0
10.46350,0.0
10.46650,0.0
10.46950,0.0
10.47250,1.0
10.47550,1.0
10.47850,0.0
10.48150,1.0
10.48450,1.0
10.48750,0.0
10.49050,1.0
10.49350,0.0
10.49650,1.0
10.49950,0.0
10.50250,0.0
10.50550,0.0
10.50850,0.0
10.51150,0.0
10.51450,0.0
10.51750,0.0
10.52050,0.0
10.52350,0.0
10.52650,0.0
10.52950,0.0
10.53250,0.0
10.53550,0.0
10.53850,0.0
10.54150,1.0
10.54450,1.0
10.54750,0.0
10.55050,0.0
10.55350,0.0
10.55650,0.0
10.55950,0.0
10.56250,0.0
10.56550,0.0
10.56850,0.0
10.57150,1.0
10.57450,0.0
10.57750,0.0
10.58050,1.0
10.58350,1.0
10.58650,0.0
10.58950,2.0
10.59250,1.0
10.59550,2.0
10.59850,0.0
10.60150,1.0
10.60450,0.0
10.60750,0.0
10.61050,0.0
10.61350,0.0
10.61650,0.0
10.61950,0.0
10.62250,0.0
10.62550,1.0
10.62850,1.0
10.63150,0.0
10.63450,0.0
10.63750,0.0
10.64050,1.0
10.64350,0.0
10.64650,0.0
10.64950,1.0
10.65250,0.0
10.65550,0.0
10.65850,1.0
10.66150,1.0
10.66450,0.0
10.66750,0.0
10.67050,0.0
10.67350,0.0
10.67650,0.0
10.67950,1.0
10.68250,0.0
10.68550,0.0
10.68850,0.0
10.69150,0.0
10.69450,0.0
10.69750,0.0
10.70050,0.0
10.70350,1.0
10.70650,0.0
10.70950,0.0
10.71250,0.0
10.71550,0.0
10.71850,0.0
10.72150,0.0
10.72450,0.0
10.72750,1.0
10.73050,0.0
10.73350,0.0
10.73650,1.0
10.73950,0.0
10.74250,0.0
10.74550,0.0
10.74850,0.0
10.75150,0.0
10.75450,0.0
10.75750,1.0
10.76050,0.0
10.76350,0.0
10.76650,2.0
10.76950,0.0
10.77250,0.0
10.77550,0.0
10.77850,1.0
10.78150,1.0
10.78450,0.0
10.78750,0.0
10.79050,1.0
10.79350,0.0
10.79650,0.0
10.79950,0.0
10.80250,0.0
10.80550,0.0
10.80850,0.0
10.81150,0.0
10.81450,0.0
10.81750,1.0
10.82050,1.0
10.82350,0.0
10.82650,0.0
10.82950,0.0
10.83250,0.0
10.83550,0.0
10.83850,0.0
10.84150,0.0
10.84450,0.0
10.84750,0.0
10.85050,0.0
10.85350,0.0
