group	session	job_id	measurement	state	chi2	started_utc	elapsed_s	files	source_in_record
campaign1-stage1	CoC4-round-1	fit-20260918-195729-0499	P2-04/xrr.dat	finished	7.24688	2026-09-18T11:57:29.892Z	712.55	request.json job.json	experiments/skill-dev-2026-09-18/workdir-T04/jobs/fit-20260918-195729-0499
campaign1-stage1	CoC4-round-1	fit-20260918-201131-4c37	P2-04/xrr.dat	finished	6.23082	2026-09-18T12:11:31.475Z	747.52	request.json job.json	experiments/skill-dev-2026-09-18/workdir-T04/jobs/fit-20260918-201131-4c37
campaign1-stage1	CoC4-round-2	fit-20260918-204255-154c	P2-04/xrr.dat	finished	7.23119	2026-09-18T12:42:55.322Z	799.245	request.json job.json	experiments/skill-dev-2026-09-18/workdir-T04b/jobs/fit-20260918-204255-154c
campaign1-stage1	CoC4-round-2	fit-20260918-205909-641d	P2-04/xrr.dat	finished	6.19438	2026-09-18T12:59:09.647Z	856.652	request.json job.json	experiments/skill-dev-2026-09-18/workdir-T04b/jobs/fit-20260918-205909-641d
campaign1-stage1	CoC4-round-3	fit-20260918-222358-b830	P2-04/xrr.dat	finished	7.28325	2026-09-18T14:23:58.598Z	810.421	request.json job.json report.json author-grid-score.json author-model-score.json	experiments/skill-dev-2026-09-18/workdir-T04c/jobs/fit-20260918-222358-b830
campaign1-stage1	CoC4-round-3	fit-20260918-223814-5473	P2-04/xrr.dat	finished	6.22278	2026-09-18T14:38:14.299Z	750.979	request.json job.json report.json	experiments/skill-dev-2026-09-18/workdir-T04c/jobs/fit-20260918-223814-5473
campaign1-stage1	CoC5-round-1	fit-20260918-195607-9977	P2-05/xrr.dat	finished	3.70078	2026-09-18T11:56:07.127Z	590.495	request.json job.json	experiments/skill-dev-2026-09-18/workdir-T05/jobs/fit-20260918-195607-9977
campaign1-stage1	CoC5-round-1	fit-20260918-201038-0878	P2-05/xrr.dat	finished	3.60975	2026-09-18T12:10:38.798Z	623.978	request.json job.json	experiments/skill-dev-2026-09-18/workdir-T05/jobs/fit-20260918-201038-0878
campaign1-stage1	CoC5-round-2	fit-20260918-204311-1536	P2-05/xrr.dat	finished	3.70585	2026-09-18T12:43:11.162Z	671.515	request.json job.json	experiments/skill-dev-2026-09-18/workdir-T05b/jobs/fit-20260918-204311-1536
campaign1-stage1	CoC5-round-2	fit-20260918-205625-5254	P2-05/xrr.dat	finished	4.03724	2026-09-18T12:56:25.758Z	477.219	request.json job.json	experiments/skill-dev-2026-09-18/workdir-T05b/jobs/fit-20260918-205625-5254
campaign1-stage1	CoC5-round-2	fit-20260918-210529-8ad0	P2-05/xrr.dat	finished	3.61221	2026-09-18T13:05:29.225Z	576.523	request.json job.json	experiments/skill-dev-2026-09-18/workdir-T05b/jobs/fit-20260918-210529-8ad0
campaign1-stage1	CoC5-round-3	fit-20260918-222443-960a	P2-05/xrr.dat	finished	3.59731	2026-09-18T14:24:43.345Z	696.606	request.json job.json report.json author-grid-score.json author-model-score.json	experiments/skill-dev-2026-09-18/workdir-T05c/jobs/fit-20260918-222443-960a
campaign1-stage1	CoC5-round-3	fit-20260918-223732-360d	P2-05/xrr.dat	finished	3.50521	2026-09-18T14:37:32.454Z	621.442	request.json job.json report.json	experiments/skill-dev-2026-09-18/workdir-T05c/jobs/fit-20260918-223732-360d
campaign1-stage1	aborted-launch-max-turns	fit-20260918-165744-94e6	P2-05/xrr.dat	running	3.45875	2026-09-18T08:57:44.496Z	376.902	request.json job.json	experiments/skill-dev-2026-09-18/workdir-run1-maxturns/jobs/fit-20260918-165744-94e6
campaign1-stage1	aborted-launch-max-turns	fit-20260918-165814-8bcd	P2-05/xrr.dat	queued	0		0	request.json job.json	experiments/skill-dev-2026-09-18/workdir-run1-maxturns/jobs/fit-20260918-165814-8bcd
campaign2-transfer	RuC1-round-a	fit-20260919-082556-6318	260511B/xrr.dat	finished	21.1924	2026-09-19T00:25:56.132Z	3087.07	request.json job.json report.json author-grid-score.json author-model-score.json	experiments/skill-dev-2026-09-18/workdir-RuC-260511B-a/jobs/fit-20260919-082556-6318
campaign2-transfer	RuC1-round-a	fit-20260919-092008-b024	260511B/xrr.dat	finished	11.714	2026-09-19T01:20:08.298Z	3246.21	request.json job.json report.json	experiments/skill-dev-2026-09-18/workdir-RuC-260511B-a/jobs/fit-20260919-092008-b024
campaign2-transfer	RuC1-round-a	fit-20260919-101551-1e0d	260511B/xrr.dat	finished	10.8637	2026-09-19T02:15:51.103Z	2701.08	request.json job.json report.json author-model-score.json	experiments/skill-dev-2026-09-18/workdir-RuC-260511B-a/jobs/fit-20260919-101551-1e0d
campaign2-transfer	RuC1-round-b	fit-20260919-120535-bca9	260511B/xrr.dat	finished	26.997	2026-09-19T04:05:35.133Z	2952.24	request.json job.json report.json	experiments/skill-dev-2026-09-18/workdir-RuC-260511B-b/jobs/fit-20260919-120535-bca9
campaign2-transfer	RuC1-round-b	fit-20260919-125632-5185	260511B/xrr.dat	finished	22.2114	2026-09-19T04:56:32.720Z	3068.17	request.json job.json report.json	experiments/skill-dev-2026-09-18/workdir-RuC-260511B-b/jobs/fit-20260919-125632-5185
campaign2-transfer	RuC1-round-b	fit-20260919-125645-9273	260511B/xrr.dat	finished	13.5859	2026-09-19T05:47:40.899Z	2177.53	request.json job.json report.json	experiments/skill-dev-2026-09-18/workdir-RuC-260511B-b/jobs/fit-20260919-125645-9273
campaign2-transfer	RuC1-round-b	fit-20260919-142516-f9a2	260511B/xrr.dat	finished	12.1688	2026-09-19T06:25:16.172Z	1142.0	request.json job.json report.json	experiments/skill-dev-2026-09-18/workdir-RuC-260511B-b/jobs/fit-20260919-142516-f9a2
campaign2-transfer	RuC1-round-b	fit-20260919-144940-b1f3	260511B/xrr.dat	finished	13.6076	2026-09-19T06:49:40.412Z	1125.98	request.json job.json report.json	experiments/skill-dev-2026-09-18/workdir-RuC-260511B-b/jobs/fit-20260919-144940-b1f3
campaign2-transfer	RuC2-round-a	fit-20260919-082741-0fae	260908A/xrr.dat	finished	17.836	2026-09-19T00:27:41.920Z	1787.17	request.json job.json report.json	experiments/skill-dev-2026-09-18/workdir-RuC-260908A-a/jobs/fit-20260919-082741-0fae
campaign2-transfer	RuC2-round-a	fit-20260919-085858-4876	260908A/xrr.dat	finished	16.5692	2026-09-19T00:58:58.234Z	2307.34	request.json job.json report.json author-grid-score.json author-model-score.json	experiments/skill-dev-2026-09-18/workdir-RuC-260908A-a/jobs/fit-20260919-085858-4876
campaign2-transfer	RuC2-round-a	fit-20260919-093753-1a3a	260908A/xrr.dat	finished	11.1228	2026-09-19T01:37:53.420Z	2031.14	request.json job.json report.json	experiments/skill-dev-2026-09-18/workdir-RuC-260908A-a/jobs/fit-20260919-093753-1a3a
campaign2-transfer	RuC2-round-b	fit-20260919-112601-cab8	260908A/xrr.dat	finished	16.4413	2026-09-19T03:26:02.157Z	1997.07	request.json job.json report.json	experiments/skill-dev-2026-09-18/workdir-RuC-260908A-b/jobs/fit-20260919-112601-cab8
campaign2-transfer	RuC2-round-b	fit-20260919-120102-de3e	260908A/xrr.dat	finished	10.5448	2026-09-19T04:01:02.797Z	1296.9	request.json job.json report.json	experiments/skill-dev-2026-09-18/workdir-RuC-260908A-b/jobs/fit-20260919-120102-de3e
campaign2-transfer	RuC2-round-b	fit-20260919-122337-1e4a	260908A/xrr.dat	finished	8.44158	2026-09-19T04:23:37.222Z	1982.23	request.json job.json report.json	experiments/skill-dev-2026-09-18/workdir-RuC-260908A-b/jobs/fit-20260919-122337-1e4a
campaign2-transfer	RuC2-round-b	fit-20260919-125732-faa7	260908A/xrr.dat	finished	10.335	2026-09-19T04:57:32.256Z	2271.59	request.json job.json report.json	experiments/skill-dev-2026-09-18/workdir-RuC-260908A-b/jobs/fit-20260919-125732-faa7
campaign2-transfer	RuC3-round-a	fit-20260919-084813-b26a	260908B/xrr.dat	finished	7.73056	2026-09-19T00:48:13.573Z	2237.61	request.json job.json report.json	experiments/skill-dev-2026-09-18/workdir-RuC-260908B-a/jobs/fit-20260919-084813-b26a
campaign2-transfer	RuC3-round-a	fit-20260919-092646-0e84	260908B/xrr.dat	finished	5.84356	2026-09-19T01:26:46.801Z	2353.17	request.json job.json report.json author-grid-score.json author-model-score.json	experiments/skill-dev-2026-09-18/workdir-RuC-260908B-a/jobs/fit-20260919-092646-0e84
campaign2-transfer	RuC3-round-b	fit-20260919-153747-4f6d	260908B/xrr.dat	finished	114.911	2026-09-19T07:37:47.758Z	2.222	request.json job.json report.json	experiments/skill-dev-2026-09-18/workdir-RuC-260908B-b/jobs/fit-20260919-153747-4f6d
campaign2-transfer	RuC3-round-b	fit-20260919-153900-bd51	260908B/xrr.dat	finished	9.22572	2026-09-19T07:39:00.280Z	1518.32	request.json job.json report.json	experiments/skill-dev-2026-09-18/workdir-RuC-260908B-b/jobs/fit-20260919-153900-bd51
campaign2-transfer	RuC3-round-b	fit-20260919-160520-a717	260908B/xrr.dat	finished	6.67243	2026-09-19T08:05:20.668Z	1356.26	request.json job.json report.json	experiments/skill-dev-2026-09-18/workdir-RuC-260908B-b/jobs/fit-20260919-160520-a717
campaign2-transfer	RuC3-round-b	fit-20260919-162843-20c8	260908B/xrr.dat	finished	6.27173	2026-09-19T08:28:43.922Z	1060.96	request.json job.json report.json	experiments/skill-dev-2026-09-18/workdir-RuC-260908B-b/jobs/fit-20260919-162843-20c8
campaign2-transfer	RuC3-round-b	fit-20260919-164759-fabd	260908B/xrr.dat	finished	5.231	2026-09-19T08:47:59.056Z	767.732	request.json job.json report.json	experiments/skill-dev-2026-09-18/workdir-RuC-260908B-b/jobs/fit-20260919-164759-fabd
campaign2-transfer	RuC3-round-b	fit-20260919-170136-8513	260908B/xrr.dat	finished	5.37793	2026-09-19T09:01:36.860Z	774.351	request.json job.json report.json	experiments/skill-dev-2026-09-18/workdir-RuC-260908B-b/jobs/fit-20260919-170136-8513
campaign2-transfer	RuC4-round-a	fit-20260919-102224-f649	260909A/xrr.dat	finished	18.0467	2026-09-19T02:22:24.676Z	2035.18	request.json job.json report.json author-grid-score.json author-model-score.json	experiments/skill-dev-2026-09-18/workdir-RuC-260909A-a/jobs/fit-20260919-102224-f649
campaign2-transfer	RuC4-round-a	fit-20260919-105830-c447	260909A/xrr.dat	finished	14.5288	2026-09-19T02:58:30.727Z	1436.63	request.json job.json report.json	experiments/skill-dev-2026-09-18/workdir-RuC-260909A-a/jobs/fit-20260919-105830-c447
campaign2-transfer	RuC4-round-a	fit-20260919-112308-48c1	260909A/xrr.dat	finished	6.50211	2026-09-19T03:23:08.865Z	1801.98	request.json job.json report.json	experiments/skill-dev-2026-09-18/workdir-RuC-260909A-a/jobs/fit-20260919-112308-48c1
campaign2-transfer	RuC4-round-b	fit-20260919-121728-2adc	260909A/xrr.dat	finished	17.4531	2026-09-19T04:17:28.195Z	2238.89	request.json job.json report.json	experiments/skill-dev-2026-09-18/workdir-RuC-260909A-b/jobs/fit-20260919-121728-2adc
campaign2-transfer	RuC4-round-b	fit-20260919-125632-24ab	260909A/xrr.dat	finished	13.6354	2026-09-19T04:56:32.592Z	2264.28	request.json job.json report.json	experiments/skill-dev-2026-09-18/workdir-RuC-260909A-b/jobs/fit-20260919-125632-24ab
campaign2-transfer	RuC4-round-b	fit-20260919-133455-9cbe	260909A/xrr.dat	finished	16.7185	2026-09-19T05:34:55.990Z	1593.9	request.json job.json report.json	experiments/skill-dev-2026-09-18/workdir-RuC-260909A-b/jobs/fit-20260919-133455-9cbe
campaign2-transfer	RuC4-round-b	fit-20260919-140204-d2c7	260909A/xrr.dat	finished	6.81236	2026-09-19T06:02:04.495Z	1424.06	request.json job.json report.json	experiments/skill-dev-2026-09-18/workdir-RuC-260909A-b/jobs/fit-20260919-140204-d2c7
campaign2-transfer	RuC5-round-a	fit-20260919-102802-33ca	260910A/xrr.dat	finished	28.2416	2026-09-19T02:28:02.845Z	2071.78	request.json job.json report.json	experiments/skill-dev-2026-09-18/workdir-RuC-260910A-a/jobs/fit-20260919-102802-33ca
campaign2-transfer	RuC5-round-a	fit-20260919-110414-0dab	260910A/xrr.dat	finished	9.68026	2026-09-19T03:04:14.480Z	1320.16	request.json job.json report.json	experiments/skill-dev-2026-09-18/workdir-RuC-260910A-a/jobs/fit-20260919-110414-0dab
campaign2-transfer	RuC5-round-a	fit-20260919-112915-8e81	260910A/xrr.dat	finished	8.63479	2026-09-19T03:29:15.788Z	1769.95	request.json job.json report.json author-grid-score.json	experiments/skill-dev-2026-09-18/workdir-RuC-260910A-a/jobs/fit-20260919-112915-8e81
campaign2-transfer	RuC5-round-b	fit-20260919-153119-9f06	260910A/xrr.dat	finished	28.0559	2026-09-19T07:31:19.309Z	1064.94	request.json job.json report.json	experiments/skill-dev-2026-09-18/workdir-RuC-260910A-b/jobs/fit-20260919-153119-9f06
campaign2-transfer	RuC5-round-b	fit-20260919-155007-f2fd	260910A/xrr.dat	finished	9.86307	2026-09-19T07:50:07.683Z	1391.57	request.json job.json report.json	experiments/skill-dev-2026-09-18/workdir-RuC-260910A-b/jobs/fit-20260919-155007-f2fd
campaign2-transfer	RuC5-round-b	fit-20260919-161450-84dc	260910A/xrr.dat	finished	9.82315	2026-09-19T08:14:50.255Z	1421.77	request.json job.json report.json	experiments/skill-dev-2026-09-18/workdir-RuC-260910A-b/jobs/fit-20260919-161450-84dc
campaign2-transfer	Ru1-round-a	fit-20260919-082145-73ec	260910B/xrr.dat	finished	2.72064	2026-09-19T00:21:45.963Z	17.327	request.json job.json report.json	experiments/skill-dev-2026-09-18/workdir-RuC-260910B-a/jobs/fit-20260919-082145-73ec
campaign2-transfer	Ru1-round-a	fit-20260919-082513-eadd	260910B/xrr.dat	finished	2.61416	2026-09-19T00:25:13.770Z	16.723	request.json job.json report.json	experiments/skill-dev-2026-09-18/workdir-RuC-260910B-a/jobs/fit-20260919-082513-eadd
campaign2-transfer	Ru1-round-a	fit-20260919-082647-b913	260910B/xrr.dat	finished	2.61416	2026-09-19T00:26:47.503Z	35.622	request.json job.json report.json author-grid-score.json author-model-score.json	experiments/skill-dev-2026-09-18/workdir-RuC-260910B-a/jobs/fit-20260919-082647-b913
campaign2-transfer	Ru1-round-b	fit-20260919-152726-2f99	260910B/xrr.dat	finished	2.24571	2026-09-19T07:27:26.540Z	21.531	request.json job.json report.json	experiments/skill-dev-2026-09-18/workdir-RuC-260910B-b/jobs/fit-20260919-152726-2f99
campaign2-transfer	Ru1-round-b	fit-20260919-152918-3029	260910B/xrr.dat	finished	1.37688	2026-09-19T07:29:18.646Z	20.817	request.json job.json report.json	experiments/skill-dev-2026-09-18/workdir-RuC-260910B-b/jobs/fit-20260919-152918-3029
campaign2-transfer	Ru1-round-b	fit-20260919-153051-4d47	260910B/xrr.dat	finished	1.31368	2026-09-19T07:30:51.761Z	22.959	request.json job.json report.json author-grid-score.json author-model-score.json	experiments/skill-dev-2026-09-18/workdir-RuC-260910B-b/jobs/fit-20260919-153051-4d47
seed-and-surface-study	CoC4-seed-A-periodic	fit-20260919-061017-8aeb	P2-04/xrr.dat	finished	7.9401	2026-09-18T22:10:17.434Z	1884.24	request.json job.json report.json	experiments/skill-dev-2026-09-18/workdir-CAP/A-R/jobs/fit-20260919-061017-8aeb
seed-and-surface-study	CoC4-seed-A-surface	fit-20260919-061017-879e	P2-04/xrr.dat	finished	7.9401	2026-09-18T22:10:17.434Z	1883.62	request.json job.json report.json	experiments/skill-dev-2026-09-18/workdir-CAP/A-S/jobs/fit-20260919-061017-879e
seed-and-surface-study	CoC4-seed-B-periodic	fit-20260919-061017-f774	P2-04/xrr.dat	finished	6.09078	2026-09-18T22:10:17.434Z	1884.31	request.json job.json report.json	experiments/skill-dev-2026-09-18/workdir-CAP/B-R/jobs/fit-20260919-061017-f774
seed-and-surface-study	CoC4-seed-B-surface	fit-20260919-061017-4587	P2-04/xrr.dat	finished	6.09078	2026-09-18T22:10:17.434Z	1886.08	request.json job.json report.json	experiments/skill-dev-2026-09-18/workdir-CAP/B-S/jobs/fit-20260919-061017-4587
seed-and-surface-study	CoC4-seed-A1	fit-20260919-064237-3d2b	P2-04/xrr.dat	finished	7.1263	2026-09-18T22:42:37.858Z	2127.62	request.json job.json report.json	experiments/skill-dev-2026-09-18/workdir-CAP2/A1/jobs/fit-20260919-064237-3d2b
seed-and-surface-study	CoC4-seed-A2	fit-20260919-064237-f147	P2-04/xrr.dat	finished	7.12631	2026-09-18T22:42:37.858Z	2127.69	request.json job.json report.json	experiments/skill-dev-2026-09-18/workdir-CAP2/A2/jobs/fit-20260919-064237-f147
seed-and-surface-study	CoC4-seed-B1	fit-20260919-064237-5982	P2-04/xrr.dat	finished	6.22626	2026-09-18T22:42:37.858Z	2118.48	request.json job.json report.json	experiments/skill-dev-2026-09-18/workdir-CAP2/B1/jobs/fit-20260919-064237-5982
seed-and-surface-study	CoC4-seed-B2	fit-20260919-064237-9b64	P2-04/xrr.dat	finished	6.09108	2026-09-18T22:42:37.858Z	2127.62	request.json job.json report.json	experiments/skill-dev-2026-09-18/workdir-CAP2/B2/jobs/fit-20260919-064237-9b64
agent-loop	all-fits	fit-20260916-121708-7484	P2-01/xrr.dat	finished	1.00553	2026-09-16T04:17:08.719Z	1.696	request.json job.json	experiments/runs/exp-03/workdir/jobs/fit-20260916-121708-7484
agent-loop	all-fits	fit-20260916-121714-79de	P2-02/xrr.dat	finished	3.80625	2026-09-16T04:17:14.036Z	8.583	request.json job.json	experiments/runs/exp-03/workdir/jobs/fit-20260916-121714-79de
agent-loop	all-fits	fit-20260916-121754-fa2c	P2-01/xrr.dat	finished	1.00553	2026-09-16T04:17:54.344Z	1.514	request.json job.json	experiments/runs/exp-03/workdir/jobs/fit-20260916-121754-fa2c
agent-loop	all-fits	fit-20260916-121759-a57f	P2-02/xrr.dat	finished	3.80625	2026-09-16T04:17:59.923Z	8.304	request.json job.json	experiments/runs/exp-03/workdir/jobs/fit-20260916-121759-a57f
agent-loop	all-fits	fit-20260916-121916-0b0b	P2-02/xrr.dat	finished	3.614	2026-09-16T04:19:16.125Z	16.311	request.json job.json	experiments/runs/exp-03/workdir/jobs/fit-20260916-121916-0b0b
agent-loop	all-fits	fit-20260916-121922-3fa3	P2-02/xrr.dat	finished	3.70381	2026-09-16T04:19:32.442Z	22.13	request.json job.json	experiments/runs/exp-03/workdir/jobs/fit-20260916-121922-3fa3
agent-loop	all-fits	fit-20260916-122125-a0d6	P2-01/xrr.dat	finished	0.948942	2026-09-16T04:21:25.566Z	3.28	request.json job.json	experiments/runs/exp-03/workdir/jobs/fit-20260916-122125-a0d6
agent-loop	all-fits	fit-20260916-122132-fd84	P2-01/xrr.dat	finished	0.970114	2026-09-16T04:21:32.044Z	3.738	request.json job.json	experiments/runs/exp-03/workdir/jobs/fit-20260916-122132-fd84
agent-loop	all-fits	fit-20260916-141443-830b	P2-02/xrr.dat	finished	5.13906	2026-09-16T06:14:43.706Z	31.516	request.json job.json	experiments/runs/exp-03/workdir/jobs/fit-20260916-141443-830b
agent-loop	all-fits	fit-20260916-141449-e572	P2-01/xrr.dat	finished	1.17544	2026-09-16T06:15:15.229Z	4.46	request.json job.json	experiments/runs/exp-03/workdir/jobs/fit-20260916-141449-e572
agent-loop	all-fits	fit-20260916-141539-e49e	P2-02/xrr.dat	finished	3.3692	2026-09-16T06:15:39.115Z	50.333	request.json job.json	experiments/runs/exp-03/workdir/jobs/fit-20260916-141539-e49e
agent-loop	all-fits	fit-20260916-141629-21e6	P2-02/xrr.dat	finished	3.9076	2026-09-16T06:16:29.453Z	53.588	request.json job.json	experiments/runs/exp-03/workdir/jobs/fit-20260916-141629-21e6
agent-loop	all-fits	fit-20260916-141839-403b	P2-02/xrr.dat	finished	2.56362	2026-09-16T06:18:39.979Z	72.446	request.json job.json	experiments/runs/exp-03/workdir/jobs/fit-20260916-141839-403b
agent-loop	all-fits	fit-20260916-141845-1763	P2-02/xrr.dat	finished	0.264308	2026-09-16T06:19:52.432Z	14.622	request.json job.json	experiments/runs/exp-03/workdir/jobs/fit-20260916-141845-1763
agent-loop	all-fits	fit-20260916-142030-f2d6	P2-02/xrr.dat	finished	4.94576	2026-09-16T06:20:30.525Z	37.289	request.json job.json	experiments/runs/exp-03/workdir/jobs/fit-20260916-142030-f2d6
agent-loop	all-fits	fit-20260916-142234-c3d5	P2-02/xrr.dat	finished	1.93709	2026-09-16T06:22:34.453Z	8.812	request.json job.json	experiments/runs/exp-03/workdir/jobs/fit-20260916-142234-c3d5
agent-loop	all-fits	fit-20260916-142326-7a33	P2-02/xrr.dat	finished	1.9929	2026-09-16T06:23:26.429Z	15.528	request.json job.json	experiments/runs/exp-03/workdir/jobs/fit-20260916-142326-7a33
agent-loop	all-fits	fit-20260916-142332-0cf1	P2-02/xrr.dat	finished	2.27686	2026-09-16T06:23:41.964Z	16.202	request.json job.json	experiments/runs/exp-03/workdir/jobs/fit-20260916-142332-0cf1
agent-loop	all-fits	fit-20260916-142408-3dfb	P2-01/xrr.dat	finished	0.950835	2026-09-16T06:24:08.608Z	2.83	request.json job.json	experiments/runs/exp-03/workdir/jobs/fit-20260916-142408-3dfb
agent-loop	all-fits	fit-20260917-134539-f2a7	P2-04/xrr.dat	cancelled	24.8746	2026-09-17T05:45:39.587Z	26.108	request.json job.json	experiments/runs/exp-03/workdir/jobs/fit-20260917-134539-f2a7
agent-loop	all-fits	fit-20260917-134544-fbbc	P2-03/xrr.dat	cancelled	0		0	request.json job.json	experiments/runs/exp-03/workdir/jobs/fit-20260917-134544-fbbc
agent-loop	all-fits	fit-20260917-134614-8258	P2-04/xrr.dat	finished	14.2197	2026-09-17T05:46:14.948Z	61.952	request.json job.json	experiments/runs/exp-03/workdir/jobs/fit-20260917-134614-8258
agent-loop	all-fits	fit-20260917-134619-ef9e	P2-03/xrr.dat	finished	4.03366	2026-09-17T05:47:16.908Z	29.385	request.json job.json	experiments/runs/exp-03/workdir/jobs/fit-20260917-134619-ef9e
agent-loop	all-fits	fit-20260917-134808-b160	P2-04/xrr.dat	finished	14.2139	2026-09-17T05:48:08.696Z	61.421	request.json job.json	experiments/runs/exp-03/workdir/jobs/fit-20260917-134808-b160
agent-loop	all-fits	fit-20260917-134940-be74	P2-03/xrr.dat	finished	3.83371	2026-09-17T05:49:40.915Z	29.177	request.json job.json	experiments/runs/exp-03/workdir/jobs/fit-20260917-134940-be74
agent-loop	all-fits	fit-20260917-135107-704f	P2-03/xrr.dat	finished	4.25927	2026-09-17T05:51:07.381Z	28.887	request.json job.json	experiments/runs/exp-03/workdir/jobs/fit-20260917-135107-704f
agent-loop	all-fits	fit-20260917-160610-32dc	P2-01/xrr.dat	finished	0.991533	2026-09-17T08:06:10.954Z	3.458	request.json job.json	experiments/runs/exp-03/workdir/jobs/fit-20260917-160610-32dc
agent-loop	all-fits	fit-20260917-160616-ffaf	P2-02/xrr.dat	finished	2.60074	2026-09-17T08:06:16.994Z	25.488	request.json job.json	experiments/runs/exp-03/workdir/jobs/fit-20260917-160616-ffaf
agent-loop	all-fits	fit-20260917-160622-a49a	P2-03/xrr.dat	finished	0.7246	2026-09-17T08:06:42.489Z	28.352	request.json job.json	experiments/runs/exp-03/workdir/jobs/fit-20260917-160622-a49a
agent-loop	all-fits	fit-20260917-160627-0eb7	P2-04/xrr.dat	finished	1.90566	2026-09-17T08:07:10.848Z	63.397	request.json job.json	experiments/runs/exp-03/workdir/jobs/fit-20260917-160627-0eb7
agent-loop	all-fits	fit-20260917-160707-ad4b	P2-01/xrr.dat	finished	1.03838	2026-09-17T08:08:14.250Z	3.376	request.json job.json	experiments/runs/exp-03/workdir/jobs/fit-20260917-160707-ad4b
agent-loop	all-fits	fit-20260917-160750-347f	P2-02/xrr.dat	finished	3.0361	2026-09-17T08:08:17.633Z	23.368	request.json job.json	experiments/runs/exp-03/workdir/jobs/fit-20260917-160750-347f
agent-loop	all-fits	fit-20260917-160911-e2fe	P2-04/xrr.dat	finished	1.33277	2026-09-17T08:09:11.634Z	60.828	request.json job.json	experiments/runs/exp-03/workdir/jobs/fit-20260917-160911-e2fe
agent-loop	all-fits	fit-20260918-143826-43f6	P2-06/xrr.dat	finished	0.673172	2026-09-18T06:38:26.056Z	3.753	request.json job.json	experiments/runs/exp-03/workdir/jobs/fit-20260918-143826-43f6
agent-loop	all-fits	fit-20260918-143832-f38e	P2-05/xrr.dat	finished	1.1921	2026-09-18T06:38:32.033Z	65.271	request.json job.json	experiments/runs/exp-03/workdir/jobs/fit-20260918-143832-f38e
agent-loop	all-fits	fit-20260918-143914-04b6	P2-06/xrr.dat	finished	1.10999	2026-09-18T06:39:37.310Z	2.135	request.json job.json	experiments/runs/exp-03/workdir/jobs/fit-20260918-143914-04b6
agent-loop	all-fits	fit-20260918-144033-1bcd	P2-05/xrr.dat	finished	0.804583	2026-09-18T06:40:33.036Z	55.547	request.json job.json	experiments/runs/exp-03/workdir/jobs/fit-20260918-144033-1bcd
agent-loop	all-fits	fit-20260918-144212-ce30	P2-05/xrr.dat	finished	3.47148	2026-09-18T06:42:12.294Z	54.793	request.json job.json	experiments/runs/exp-03/workdir/jobs/fit-20260918-144212-ce30
agent-loop	all-fits	fit-20260918-144637-1bcc	P2-05/xrr.dat	finished	3.46394	2026-09-18T06:46:37.240Z	59.318	request.json job.json	experiments/runs/exp-03/workdir/jobs/fit-20260918-144637-1bcc
agent-loop	all-fits	fit-20260918-145111-3149	P2-04/xrr.dat	finished	7.77353	2026-09-18T06:53:15.116Z	65.022	request.json job.json	experiments/runs/exp-03/workdir/jobs/fit-20260918-145111-3149
agent-loop	all-fits	fit-20260918-233419-5edd	P2-04/xrr.dat	finished	146496.0	2026-09-18T15:34:19.798Z	0.308	request.json job.json report.json	experiments/runs/exp-03/workdir/jobs/fit-20260918-233419-5edd
agent-loop	all-fits	fit-20260918-233743-691e	P2-04/xrr.dat	finished	7.9401	2026-09-18T15:37:43.909Z	556.742	request.json job.json report.json author-grid-score.json author-model-score.json	experiments/runs/exp-03/workdir/jobs/fit-20260918-233743-691e
agent-loop	all-fits	fit-20260918-234800-7b64	P2-05/xrr.dat	finished	3.4858	2026-09-18T15:48:00.061Z	470.302	request.json job.json report.json	experiments/runs/exp-03/workdir/jobs/fit-20260918-234800-7b64
agent-loop	all-fits	fit-20260919-065444-6416	P2-06/xrr.dat	finished	0.651372	2026-09-18T22:54:45.071Z	47.831	request.json job.json report.json	experiments/runs/exp-03/workdir/jobs/fit-20260919-065444-6416
agent-loop	all-fits	fit-20260919-065608-44a2	P2-06/xrr.dat	finished	0.646107	2026-09-18T22:56:08.271Z	51.529	request.json job.json report.json	experiments/runs/exp-03/workdir/jobs/fit-20260919-065608-44a2
agent-loop	all-fits	fit-20260919-065735-1db8	P2-05/xrr.dat	finished	2.56607	2026-09-18T22:57:35.591Z	1351.9	request.json job.json report.json	experiments/runs/exp-03/workdir/jobs/fit-20260919-065735-1db8
agent-loop	all-fits	fit-20260919-072350-bdc8	P2-03/xrr.dat	finished	2.96329	2026-09-18T23:23:50.214Z	327.999	request.json job.json report.json	experiments/runs/exp-03/workdir/jobs/fit-20260919-072350-bdc8
agent-loop	all-fits	fit-20260919-072952-b92a	P2-03/xrr.dat	finished	2.71938	2026-09-18T23:29:52.033Z	323.742	request.json job.json report.json	experiments/runs/exp-03/workdir/jobs/fit-20260919-072952-b92a
agent-loop	all-fits	fit-20260919-073538-56ae	P2-03/xrr.dat	finished	2.58033	2026-09-18T23:35:38.106Z	305.318	request.json job.json report.json	experiments/runs/exp-03/workdir/jobs/fit-20260919-073538-56ae
