# fit,CoC4-expert-full-fit,stored_as,author-fit-P2-04-full-fit.xrcx,min_limit,1.600E-06
two_theta_deg,measured_reflectivity,fitted_reflectivity
0.250,7.350400E-01,7.627200E-01
0.252,7.298200E-01,7.568700E-01
0.253,7.218900E-01,7.507400E-01
0.255,7.217200E-01,7.444200E-01
0.256,7.164500E-01,7.378000E-01
0.258,7.109000E-01,7.308900E-01
0.259,7.051200E-01,7.237000E-01
0.261,6.982500E-01,7.161600E-01
0.262,6.906300E-01,7.082500E-01
0.264,6.826000E-01,7.000300E-01
0.265,6.742300E-01,6.913900E-01
0.267,6.653100E-01,6.822900E-01
0.268,6.564000E-01,6.727200E-01
0.270,6.467900E-01,6.627200E-01
0.271,6.364100E-01,6.521300E-01
0.273,6.248500E-01,6.410300E-01
0.274,6.120700E-01,6.293400E-01
0.276,5.982600E-01,6.170300E-01
0.277,5.832500E-01,6.040600E-01
0.279,5.677000E-01,5.833100E-01
0.280,5.521100E-01,5.686800E-01
0.282,5.362600E-01,5.534300E-01
0.283,5.197800E-01,5.375600E-01
0.285,5.029100E-01,5.211400E-01
0.286,4.854500E-01,5.042600E-01
0.288,4.674100E-01,4.783200E-01
0.289,4.485100E-01,4.608200E-01
0.291,4.294000E-01,4.433400E-01
0.292,4.105400E-01,4.259900E-01
0.294,3.915600E-01,4.089500E-01
0.295,3.731700E-01,3.841800E-01
0.297,3.553100E-01,3.684100E-01
0.298,3.379000E-01,3.532800E-01
0.300,3.209200E-01,3.319000E-01
0.301,3.046900E-01,3.185500E-01
0.303,2.895800E-01,3.058700E-01
0.304,2.752300E-01,2.879800E-01
0.306,2.618200E-01,2.767900E-01
0.307,2.495400E-01,2.661700E-01
0.309,2.380500E-01,2.512500E-01
0.310,2.273100E-01,2.420400E-01
0.312,2.171400E-01,2.334200E-01
0.313,2.075800E-01,2.216200E-01
0.315,1.986000E-01,2.144400E-01
0.316,1.899300E-01,2.045500E-01
0.318,1.820900E-01,1.983900E-01
0.319,1.746200E-01,1.925000E-01
0.321,1.675900E-01,1.840500E-01
0.322,1.608600E-01,1.781700E-01
0.324,1.543600E-01,1.697100E-01
0.325,1.481300E-01,1.643100E-01
0.327,1.421600E-01,1.566400E-01
0.328,1.365200E-01,1.519300E-01
0.330,1.312500E-01,1.455500E-01
0.331,1.265800E-01,1.418100E-01
0.333,1.224500E-01,1.368400E-01
0.334,1.187300E-01,1.339200E-01
0.336,1.150800E-01,1.298800E-01
0.337,1.115500E-01,1.260200E-01
0.339,1.081900E-01,1.234300E-01
0.340,1.046000E-01,1.193600E-01
0.342,1.010500E-01,1.165100E-01
0.343,9.742800E-02,1.120300E-01
0.345,9.401200E-02,1.074400E-01
0.346,9.066700E-02,1.044100E-01
0.348,8.745600E-02,1.000800E-01
0.349,8.457800E-02,9.616300E-02
0.351,8.184500E-02,9.641400E-02
0.352,7.953900E-02,9.369700E-02
0.354,7.738200E-02,9.122900E-02
0.355,7.551400E-02,8.898400E-02
0.357,7.385600E-02,8.691900E-02
0.358,7.234100E-02,8.497300E-02
0.360,7.077800E-02,8.308200E-02
0.361,6.900000E-02,8.118300E-02
0.363,6.717400E-02,7.922400E-02
0.364,6.520200E-02,7.717200E-02
0.366,6.299500E-02,7.501800E-02
0.367,6.061200E-02,7.277200E-02
0.369,5.838400E-02,7.046700E-02
0.370,5.639000E-02,6.815100E-02
0.372,5.440800E-02,6.588000E-02
0.373,5.272200E-02,6.371600E-02
0.375,5.132800E-02,6.171300E-02
0.376,5.026100E-02,5.991300E-02
0.378,4.934300E-02,5.833600E-02
0.379,4.857100E-02,5.698200E-02
0.381,4.807500E-02,5.582500E-02
0.382,4.762000E-02,5.482000E-02
0.384,4.717300E-02,5.390800E-02
0.385,4.655900E-02,5.302500E-02
0.387,4.580200E-02,5.210800E-02
0.388,4.483100E-02,5.110600E-02
0.390,4.365200E-02,4.998100E-02
0.391,4.219500E-02,4.871800E-02
0.393,4.063500E-02,4.732100E-02
0.394,3.908300E-02,4.581500E-02
0.396,3.754800E-02,4.424200E-02
0.397,3.615800E-02,4.265900E-02
0.399,3.492300E-02,4.112500E-02
0.400,3.398100E-02,3.970400E-02
0.402,3.319700E-02,3.844600E-02
0.403,3.270000E-02,3.739100E-02
0.405,3.234900E-02,3.655900E-02
0.406,3.221100E-02,3.594600E-02
0.408,3.222700E-02,3.553000E-02
0.409,3.225000E-02,3.526500E-02
0.411,3.225600E-02,3.509400E-02
0.412,3.210500E-02,3.495200E-02
0.414,3.177500E-02,3.477500E-02
0.415,3.126400E-02,3.450500E-02
0.417,3.047900E-02,3.409600E-02
0.418,2.947400E-02,3.352200E-02
0.420,2.845400E-02,3.277500E-02
0.421,2.729900E-02,3.186900E-02
0.423,2.623200E-02,3.083600E-02
0.424,2.512500E-02,2.972500E-02
0.426,2.405200E-02,2.859300E-02
0.427,2.323100E-02,2.750100E-02
0.429,2.247900E-02,2.650700E-02
0.430,2.204400E-02,2.566000E-02
0.432,2.183000E-02,2.499800E-02
0.433,2.177600E-02,2.453700E-02
0.435,2.196600E-02,2.427800E-02
0.436,2.224100E-02,2.420100E-02
0.438,2.264100E-02,2.426800E-02
0.439,2.291200E-02,2.443100E-02
0.441,2.309400E-02,2.463300E-02
0.442,2.314900E-02,2.481300E-02
0.444,2.299400E-02,2.491700E-02
0.445,2.258400E-02,2.489600E-02
0.447,2.193100E-02,2.471700E-02
0.448,2.115400E-02,2.436300E-02
0.450,2.021400E-02,2.383200E-02
0.451,1.917000E-02,2.314300E-02
0.453,1.813000E-02,2.232900E-02
0.454,1.717100E-02,2.143500E-02
0.456,1.629400E-02,2.051500E-02
0.457,1.561300E-02,1.962500E-02
0.459,1.511000E-02,1.881700E-02
0.460,1.484900E-02,1.814000E-02
0.462,1.479300E-02,1.762600E-02
0.463,1.495300E-02,1.729700E-02
0.465,1.526400E-02,1.715600E-02
0.466,1.565400E-02,1.719000E-02
0.468,1.606500E-02,1.737200E-02
0.469,1.646400E-02,1.766200E-02
0.471,1.677700E-02,1.801000E-02
0.472,1.695600E-02,1.836200E-02
0.474,1.702800E-02,1.866600E-02
0.475,1.692500E-02,1.887300E-02
0.477,1.666400E-02,1.894600E-02
0.478,1.619100E-02,1.885900E-02
0.480,1.561200E-02,1.860100E-02
0.481,1.489500E-02,1.817700E-02
0.483,1.407200E-02,1.760600E-02
0.484,1.316600E-02,1.692000E-02
0.486,1.233500E-02,1.616000E-02
0.487,1.163900E-02,1.537300E-02
0.489,1.099600E-02,1.461000E-02
0.490,1.049900E-02,1.391800E-02
0.492,1.022200E-02,1.334000E-02
0.493,1.019100E-02,1.290800E-02
0.495,1.032100E-02,1.264200E-02
0.496,1.061000E-02,1.255100E-02
0.498,1.106500E-02,1.262700E-02
0.499,1.157700E-02,1.284800E-02
0.501,1.216200E-02,1.318200E-02
0.502,1.266500E-02,1.358700E-02
0.504,1.308700E-02,1.401700E-02
0.505,1.333200E-02,1.442300E-02
0.507,1.343400E-02,1.476100E-02
0.508,1.341300E-02,1.499000E-02
0.510,1.316500E-02,1.508000E-02
0.511,1.272400E-02,1.501200E-02
0.513,1.215500E-02,1.478100E-02
0.514,1.147300E-02,1.439300E-02
0.516,1.070200E-02,1.387000E-02
0.517,9.904700E-03,1.324400E-02
0.519,9.118400E-03,1.255600E-02
0.520,8.469100E-03,1.184900E-02
0.522,7.904700E-03,1.117200E-02
0.523,7.530700E-03,1.056700E-02
0.525,7.363600E-03,1.007300E-02
0.526,7.387200E-03,9.718800E-03
0.528,7.600600E-03,9.521500E-03
0.529,7.926700E-03,9.487500E-03
0.531,8.432100E-03,9.610200E-03
0.532,8.952600E-03,9.871600E-03
0.534,9.525300E-03,1.024300E-02
0.535,1.006600E-02,1.069000E-02
0.537,1.048900E-02,1.116900E-02
0.538,1.091900E-02,1.163700E-02
0.540,1.111700E-02,1.205200E-02
0.541,1.120700E-02,1.237400E-02
0.543,1.108400E-02,1.257300E-02
0.544,1.076300E-02,1.262500E-02
0.546,1.032300E-02,1.252000E-02
0.547,9.690900E-03,1.226000E-02
0.549,9.016600E-03,1.185700E-02
0.550,8.304100E-03,1.133600E-02
0.552,7.587500E-03,1.073100E-02
0.553,6.924400E-03,1.008100E-02
0.555,6.382500E-03,9.429400E-03
0.556,5.948900E-03,8.818800E-03
0.558,5.668900E-03,8.289400E-03
0.559,5.531500E-03,7.874900E-03
0.561,5.593100E-03,7.600900E-03
0.562,5.838600E-03,7.482200E-03
0.564,6.227000E-03,7.522600E-03
0.565,6.733500E-03,7.714200E-03
0.567,7.296300E-03,8.038000E-03
0.568,7.919300E-03,8.465700E-03
0.570,8.490200E-03,8.961300E-03
0.571,8.995700E-03,9.483700E-03
0.573,9.379400E-03,9.990300E-03
0.574,9.633200E-03,1.043900E-02
0.576,9.723000E-03,1.079400E-02
0.577,9.663400E-03,1.102400E-02
0.579,9.419000E-03,1.110800E-02
0.580,9.051400E-03,1.103700E-02
0.582,8.518400E-03,1.081200E-02
0.583,7.894200E-03,1.044500E-02
0.585,7.230800E-03,9.959000E-03
0.586,6.523600E-03,9.385900E-03
0.588,5.882700E-03,8.763000E-03
0.589,5.291000E-03,8.131700E-03
0.591,4.829900E-03,7.534100E-03
0.592,4.517600E-03,7.009900E-03
0.594,4.342000E-03,6.593700E-03
0.595,4.394400E-03,6.312700E-03
0.597,4.605600E-03,6.184500E-03
0.598,4.971700E-03,6.216100E-03
0.600,5.482400E-03,6.403300E-03
0.601,6.088300E-03,6.730900E-03
0.603,6.779800E-03,7.173800E-03
0.604,7.467800E-03,7.698800E-03
0.606,8.086400E-03,8.266800E-03
0.607,8.608000E-03,8.835600E-03
0.609,8.979700E-03,9.362900E-03
0.610,9.199400E-03,9.809600E-03
0.612,9.242700E-03,1.014200E-02
0.613,9.059700E-03,1.033500E-02
0.615,8.771600E-03,1.037100E-02
0.616,8.308900E-03,1.024800E-02
0.618,7.756100E-03,9.969500E-03
0.619,7.098900E-03,9.553600E-03
0.621,6.391400E-03,9.026500E-03
0.622,5.675400E-03,8.422400E-03
0.624,4.995700E-03,7.781500E-03
0.625,4.421700E-03,7.146600E-03
0.627,3.979200E-03,6.560800E-03
0.628,3.673400E-03,6.064000E-03
0.630,3.571000E-03,5.690500E-03
0.631,3.644800E-03,5.465800E-03
0.633,3.898800E-03,5.405200E-03
0.634,4.292400E-03,5.512900E-03
0.636,4.851600E-03,5.781500E-03
0.637,5.501400E-03,6.192700E-03
0.639,6.177400E-03,6.719200E-03
0.640,6.907300E-03,7.325900E-03
0.642,7.607200E-03,7.972500E-03
0.643,8.243900E-03,8.615800E-03
0.645,8.734200E-03,9.212200E-03
0.646,9.045900E-03,9.720900E-03
0.648,9.208600E-03,1.010600E-02
0.649,9.167600E-03,1.034100E-02
0.651,8.891000E-03,1.040700E-02
0.652,8.479500E-03,1.029800E-02
0.654,7.906400E-03,1.002100E-02
0.655,7.245200E-03,9.591500E-03
0.657,6.496700E-03,9.038600E-03
0.658,5.724400E-03,8.397800E-03
0.660,5.035500E-03,7.711800E-03
0.661,4.383900E-03,7.026700E-03
0.663,3.867100E-03,6.389300E-03
0.664,3.510900E-03,5.844400E-03
0.666,3.349300E-03,5.431300E-03
0.667,3.415900E-03,5.181400E-03
0.669,3.653300E-03,5.115600E-03
0.670,4.088600E-03,5.242600E-03
0.672,4.700200E-03,5.558200E-03
0.673,5.473200E-03,6.045300E-03
0.675,6.329600E-03,6.674900E-03
0.676,7.202600E-03,7.408300E-03
0.678,8.059700E-03,8.199200E-03
0.679,8.851700E-03,8.997500E-03
0.681,9.552600E-03,9.752300E-03
0.682,1.005500E-02,1.041500E-02
0.684,1.037200E-02,1.094300E-02
0.685,1.044300E-02,1.130100E-02
0.687,1.030200E-02,1.146600E-02
0.688,9.967400E-03,1.142500E-02
0.690,9.379000E-03,1.118000E-02
0.691,8.660400E-03,1.074600E-02
0.693,7.828200E-03,1.015200E-02
0.694,6.962200E-03,9.436500E-03
0.696,6.057500E-03,8.647600E-03
0.697,5.225700E-03,7.839300E-03
0.699,4.481600E-03,7.068100E-03
0.700,3.930000E-03,6.389400E-03
0.702,3.556100E-03,5.853900E-03
0.703,3.444300E-03,5.504200E-03
0.705,3.605000E-03,5.372100E-03
0.706,3.972200E-03,5.476000E-03
0.708,4.606900E-03,5.819600E-03
0.709,5.428400E-03,6.391500E-03
0.711,6.417600E-03,7.164800E-03
0.712,7.486600E-03,8.099100E-03
0.714,8.635100E-03,9.142500E-03
0.715,9.787400E-03,1.023500E-02
0.717,1.084300E-02,1.131200E-02
0.718,1.172200E-02,1.230800E-02
0.720,1.241400E-02,1.316300E-02
0.721,1.280300E-02,1.382400E-02
0.723,1.291700E-02,1.424900E-02
0.724,1.274900E-02,1.441200E-02
0.726,1.227900E-02,1.430100E-02
0.727,1.161200E-02,1.392300E-02
0.729,1.069400E-02,1.330300E-02
0.730,9.708200E-03,1.248100E-02
0.732,8.580900E-03,1.151400E-02
0.733,7.432000E-03,1.046800E-02
0.735,6.414600E-03,9.417400E-03
0.736,5.506600E-03,8.441400E-03
0.738,4.857200E-03,7.616900E-03
0.739,4.477000E-03,7.014800E-03
0.741,4.481100E-03,6.694500E-03
0.742,4.863400E-03,6.700200E-03
0.744,5.597700E-03,7.056700E-03
0.745,6.673600E-03,7.767400E-03
0.747,8.051700E-03,8.813100E-03
0.748,9.682200E-03,1.015300E-02
0.750,1.149300E-02,1.172500E-02
0.751,1.330800E-02,1.345100E-02
0.753,1.513700E-02,1.524200E-02
0.754,1.684800E-02,1.699800E-02
0.756,1.839800E-02,1.862200E-02
0.757,1.962700E-02,2.002000E-02
0.759,2.040800E-02,2.111000E-02
0.760,2.081900E-02,2.182400E-02
0.762,2.074900E-02,2.211900E-02
0.763,2.021000E-02,2.197400E-02
0.765,1.920400E-02,2.139600E-02
0.766,1.786300E-02,2.042300E-02
0.768,1.627600E-02,1.912200E-02
0.769,1.454000E-02,1.758500E-02
0.771,1.275700E-02,1.592900E-02
0.772,1.110600E-02,1.429000E-02
0.774,9.720200E-03,1.281300E-02
0.775,8.675500E-03,1.164300E-02
0.777,8.241200E-03,1.091800E-02
0.778,8.395400E-03,1.075700E-02
0.780,9.374200E-03,1.125100E-02
0.781,1.110700E-02,1.245400E-02
0.783,1.367200E-02,1.438200E-02
0.784,1.697100E-02,1.700300E-02
0.786,2.079700E-02,2.024100E-02
0.787,2.511700E-02,2.397600E-02
0.789,2.963300E-02,2.805200E-02
0.790,3.426700E-02,3.228200E-02
0.792,3.872100E-02,3.646100E-02
0.793,4.288300E-02,4.037200E-02
0.795,4.642400E-02,4.380700E-02
0.796,4.926700E-02,4.657100E-02
0.798,5.116800E-02,4.850100E-02
0.799,5.193000E-02,4.947800E-02
0.801,5.160500E-02,4.943800E-02
0.802,5.011200E-02,4.838500E-02
0.804,4.771800E-02,4.640300E-02
0.805,4.439000E-02,4.365900E-02
0.807,4.055700E-02,4.041900E-02
0.808,3.670800E-02,3.703900E-02
0.810,3.316100E-02,3.397000E-02
0.811,3.044400E-02,3.174100E-02
0.813,2.914500E-02,3.093700E-02
0.814,2.989600E-02,3.216600E-02
0.816,3.326600E-02,3.601200E-02
0.817,3.977200E-02,4.298800E-02
0.819,4.982800E-02,5.348700E-02
0.820,6.381600E-02,6.773800E-02
0.822,8.152500E-02,8.577100E-02
0.823,1.028600E-01,1.074100E-01
0.825,1.273500E-01,1.322600E-01
0.826,1.542300E-01,1.597600E-01
0.828,1.831900E-01,1.891700E-01
0.829,2.133200E-01,2.196800E-01
0.831,2.436900E-01,2.504400E-01
0.832,2.739700E-01,2.806400E-01
0.834,3.029300E-01,3.095400E-01
0.835,3.305600E-01,3.365400E-01
0.837,3.554600E-01,3.611900E-01
0.838,3.775500E-01,3.831600E-01
0.840,3.966100E-01,4.022700E-01
0.841,4.122400E-01,4.184600E-01
0.843,4.252000E-01,4.317600E-01
0.844,4.352400E-01,4.422700E-01
0.846,4.432500E-01,4.501000E-01
0.847,4.487000E-01,4.554400E-01
0.849,4.526100E-01,4.584400E-01
0.850,4.543800E-01,4.592800E-01
0.852,4.539500E-01,4.581100E-01
0.853,4.513500E-01,4.550800E-01
0.855,4.463200E-01,4.503300E-01
0.856,4.399400E-01,4.439700E-01
0.858,4.317800E-01,4.361200E-01
0.859,4.225600E-01,4.268600E-01
0.861,4.117100E-01,4.162800E-01
0.862,3.996500E-01,4.044300E-01
0.864,3.866200E-01,3.913800E-01
0.865,3.720800E-01,3.771900E-01
0.867,3.562400E-01,3.619000E-01
0.868,3.389800E-01,3.455900E-01
0.870,3.213100E-01,3.283100E-01
0.871,3.030000E-01,3.101500E-01
0.873,2.839800E-01,2.911900E-01
0.874,2.643600E-01,2.715400E-01
0.876,2.441400E-01,2.513500E-01
0.877,2.238500E-01,2.307500E-01
0.879,2.029700E-01,2.099400E-01
0.880,1.820700E-01,1.891400E-01
0.882,1.613800E-01,1.685900E-01
0.883,1.414600E-01,1.485400E-01
0.885,1.225400E-01,1.292900E-01
0.886,1.045700E-01,1.111000E-01
0.888,8.829900E-02,9.424000E-02
0.889,7.367500E-02,7.894600E-02
0.891,6.082800E-02,6.540700E-02
0.892,4.986200E-02,5.375800E-02
0.894,4.079500E-02,4.406400E-02
0.895,3.380100E-02,3.632100E-02
0.897,2.858000E-02,3.045400E-02
0.898,2.492500E-02,2.632200E-02
0.900,2.285000E-02,2.372700E-02
0.901,2.185000E-02,2.242700E-02
0.903,2.172400E-02,2.215300E-02
0.904,2.218300E-02,2.262400E-02
0.906,2.308300E-02,2.356500E-02
0.907,2.408100E-02,2.472100E-02
0.909,2.499400E-02,2.586800E-02
0.910,2.572800E-02,2.682300E-02
0.912,2.619800E-02,2.744700E-02
0.913,2.617600E-02,2.764600E-02
0.915,2.571600E-02,2.737400E-02
0.916,2.488800E-02,2.662000E-02
0.918,2.360600E-02,2.541400E-02
0.919,2.203000E-02,2.381000E-02
0.921,2.020000E-02,2.188800E-02
0.922,1.829100E-02,1.974200E-02
0.924,1.628300E-02,1.747400E-02
0.925,1.428700E-02,1.518900E-02
0.927,1.244100E-02,1.298500E-02
0.928,1.073300E-02,1.095200E-02
0.930,9.288600E-03,9.162400E-03
0.931,8.054500E-03,7.669700E-03
0.933,7.135600E-03,6.507200E-03
0.934,6.547800E-03,5.687400E-03
0.936,6.281600E-03,5.203500E-03
0.937,6.245700E-03,5.031700E-03
0.939,6.402100E-03,5.133300E-03
0.940,6.771900E-03,5.458600E-03
0.942,7.236500E-03,5.950000E-03
0.943,7.731200E-03,6.545400E-03
0.945,8.217900E-03,7.182600E-03
0.946,8.704300E-03,7.802500E-03
0.948,9.088500E-03,8.352000E-03
0.949,9.377000E-03,8.787200E-03
0.951,9.566400E-03,9.074800E-03
0.952,9.528000E-03,9.193400E-03
0.954,9.337500E-03,9.133800E-03
0.955,8.985600E-03,8.898100E-03
0.957,8.505500E-03,8.499600E-03
0.958,7.911200E-03,7.960200E-03
0.960,7.233000E-03,7.309400E-03
0.961,6.547200E-03,6.581600E-03
0.963,5.834200E-03,5.813900E-03
0.964,5.151900E-03,5.044100E-03
0.966,4.517600E-03,4.308400E-03
0.967,3.972000E-03,3.639400E-03
0.969,3.501900E-03,3.064200E-03
0.970,3.138500E-03,2.603500E-03
0.972,2.909100E-03,2.270100E-03
0.973,2.787900E-03,2.069100E-03
0.975,2.772600E-03,1.997600E-03
0.976,2.826100E-03,2.045700E-03
0.978,2.970500E-03,2.197400E-03
0.979,3.162100E-03,2.431700E-03
0.981,3.433800E-03,2.724500E-03
0.982,3.684500E-03,3.049700E-03
0.984,3.924400E-03,3.380900E-03
0.985,4.157400E-03,3.693100E-03
0.987,4.357700E-03,3.963600E-03
0.988,4.525000E-03,4.173700E-03
0.990,4.540300E-03,4.309300E-03
0.991,4.540300E-03,4.361200E-03
0.993,4.485900E-03,4.326300E-03
0.994,4.325400E-03,4.206300E-03
0.996,4.082500E-03,4.008500E-03
0.997,3.795900E-03,3.744100E-03
0.999,3.501500E-03,3.427900E-03
1.000,3.165600E-03,3.077300E-03
1.002,2.827900E-03,2.710600E-03
1.003,2.523900E-03,2.346600E-03
1.005,2.231600E-03,2.003000E-03
1.006,1.962700E-03,1.695700E-03
1.008,1.768300E-03,1.437800E-03
1.009,1.626600E-03,1.239200E-03
1.011,1.523900E-03,1.106000E-03
1.012,1.487700E-03,1.040300E-03
1.014,1.498600E-03,1.040300E-03
1.015,1.577700E-03,1.100600E-03
1.017,1.670700E-03,1.212700E-03
1.018,1.788900E-03,1.365400E-03
1.020,1.925800E-03,1.545800E-03
1.021,2.038500E-03,1.739900E-03
1.023,2.165600E-03,1.933400E-03
1.024,2.266800E-03,2.112900E-03
1.026,2.346500E-03,2.266100E-03
1.027,2.401800E-03,2.383000E-03
1.029,2.422300E-03,2.456300E-03
1.030,2.396500E-03,2.481300E-03
1.032,2.345600E-03,2.456600E-03
1.033,2.254100E-03,2.383500E-03
1.035,2.136400E-03,2.266400E-03
1.036,1.986800E-03,2.112000E-03
1.038,1.811600E-03,1.928900E-03
1.039,1.655800E-03,1.727200E-03
1.041,1.472800E-03,1.517700E-03
1.042,1.318000E-03,1.311300E-03
1.044,1.172900E-03,1.118400E-03
1.045,1.054100E-03,9.482400E-04
1.047,9.794000E-04,8.084000E-04
1.048,9.202100E-04,7.044600E-04
1.050,9.258900E-04,6.397800E-04
1.051,9.291600E-04,6.153800E-04
1.053,9.678200E-04,6.299800E-04
1.054,1.042100E-03,6.801400E-04
1.056,1.121400E-03,7.605800E-04
1.057,1.215100E-03,8.644600E-04
1.059,1.296800E-03,9.838500E-04
1.060,1.383300E-03,1.110200E-03
1.062,1.448300E-03,1.234800E-03
1.063,1.493800E-03,1.349400E-03
1.065,1.509900E-03,1.446600E-03
1.066,1.522800E-03,1.520400E-03
1.068,1.512300E-03,1.566200E-03
1.069,1.487400E-03,1.581400E-03
1.071,1.458000E-03,1.565100E-03
1.072,1.399200E-03,1.518200E-03
1.074,1.325400E-03,1.443400E-03
1.075,1.238400E-03,1.345100E-03
1.077,1.138200E-03,1.228600E-03
1.078,1.039700E-03,1.100400E-03
1.080,9.317800E-04,9.673000E-04
1.081,8.431000E-04,8.364000E-04
1.083,7.688400E-04,7.143600E-04
1.084,7.037500E-04,6.071700E-04
1.086,6.583200E-04,5.198400E-04
1.087,6.425900E-04,4.561100E-04
1.089,6.443400E-04,4.182500E-04
1.090,6.631300E-04,4.070000E-04
1.092,6.895500E-04,4.215500E-04
1.093,7.349900E-04,4.596400E-04
1.095,7.985500E-04,5.177200E-04
1.096,8.509700E-04,5.911800E-04
1.098,9.081900E-04,6.746800E-04
1.099,9.601800E-04,7.624800E-04
1.101,1.011500E-03,8.487300E-04
1.102,1.050600E-03,9.279000E-04
1.104,1.065900E-03,9.950100E-04
1.105,1.060000E-03,1.045900E-03
1.107,1.039500E-03,1.077500E-03
1.108,1.012600E-03,1.088000E-03
1.110,9.735000E-04,1.076600E-03
1.111,9.158400E-04,1.044000E-03
1.113,8.472500E-04,9.920300E-04
1.114,7.850000E-04,9.237600E-04
1.116,7.236300E-04,8.430100E-04
1.117,6.502400E-04,7.542700E-04
1.119,5.853700E-04,6.624200E-04
1.120,5.231200E-04,5.723900E-04
1.122,4.829300E-04,4.888600E-04
1.123,4.545300E-04,4.160500E-04
1.125,4.324700E-04,3.574200E-04
1.126,4.316000E-04,3.155800E-04
1.128,4.449200E-04,2.920800E-04
1.129,4.781200E-04,2.874200E-04
1.131,5.111000E-04,3.010100E-04
1.132,5.576300E-04,3.312000E-04
1.134,6.054600E-04,3.754800E-04
1.135,6.535200E-04,4.305300E-04
1.137,6.939200E-04,4.925400E-04
1.138,7.338900E-04,5.573500E-04
1.140,7.614200E-04,6.207600E-04
1.141,7.751800E-04,6.787600E-04
1.143,7.878400E-04,7.277400E-04
1.144,7.854400E-04,7.647400E-04
1.146,7.660000E-04,7.875300E-04
1.147,7.290900E-04,7.947800E-04
1.149,7.072500E-04,7.860900E-04
1.150,6.602900E-04,7.619800E-04
1.152,6.135400E-04,7.238300E-04
1.153,5.556600E-04,6.738000E-04
1.155,5.106700E-04,6.146900E-04
1.156,4.672000E-04,5.497700E-04
1.158,4.132500E-04,4.825900E-04
1.159,3.809300E-04,4.167800E-04
1.161,3.433600E-04,3.558500E-04
1.162,3.263200E-04,3.029200E-04
1.164,3.175800E-04,2.606200E-04
1.165,3.160600E-04,2.308700E-04
1.167,3.274100E-04,2.148300E-04
1.168,3.590800E-04,2.128500E-04
1.170,3.944700E-04,2.244800E-04
1.171,4.344400E-04,2.484900E-04
1.173,4.770300E-04,2.830000E-04
1.174,5.209300E-04,3.255700E-04
1.176,5.543500E-04,3.733500E-04
1.177,5.777200E-04,4.232600E-04
1.179,6.100500E-04,4.721300E-04
1.180,6.166000E-04,5.169300E-04
1.182,6.179100E-04,5.549100E-04
1.183,6.131100E-04,5.837700E-04
1.185,6.056800E-04,6.017700E-04
1.186,5.886400E-04,6.078400E-04
1.188,5.368800E-04,6.016500E-04
1.189,5.052100E-04,5.835600E-04
1.191,4.634900E-04,5.546200E-04
1.192,4.163100E-04,5.164900E-04
1.194,3.748100E-04,4.713300E-04
1.195,3.289400E-04,4.216700E-04
1.197,3.073200E-04,3.702600E-04
1.198,2.819800E-04,3.199100E-04
1.200,2.612300E-04,2.733200E-04
1.201,2.485600E-04,2.329300E-04
1.203,2.413600E-04,2.007600E-04
1.204,2.481300E-04,1.783400E-04
1.206,2.632000E-04,1.666000E-04
1.207,2.824200E-04,1.658700E-04
1.209,3.184600E-04,1.758100E-04
1.210,3.464200E-04,1.954900E-04
1.212,3.868200E-04,2.234500E-04
1.213,4.187100E-04,2.577600E-04
1.215,4.506000E-04,2.961500E-04
1.216,4.800900E-04,3.361700E-04
1.218,4.958200E-04,3.753300E-04
1.219,5.233400E-04,4.112100E-04
1.221,5.141600E-04,4.416500E-04
1.222,5.128500E-04,4.648300E-04
1.224,4.901400E-04,4.793700E-04
1.225,4.669800E-04,4.844200E-04
1.227,4.353100E-04,4.796900E-04
1.228,3.966500E-04,4.654400E-04
1.230,3.704400E-04,4.424900E-04
1.231,3.258800E-04,4.121400E-04
1.233,2.870100E-04,3.761200E-04
1.234,2.468200E-04,3.364600E-04
1.236,2.192900E-04,2.953500E-04
1.237,1.941800E-04,2.550600E-04
1.239,1.725500E-04,2.177600E-04
1.240,1.699300E-04,1.854100E-04
1.242,1.736400E-04,1.596700E-04
1.243,1.867500E-04,1.417800E-04
1.245,2.029100E-04,1.325300E-04
1.246,2.227900E-04,1.322000E-04
1.248,2.551200E-04,1.405400E-04
1.249,2.826400E-04,1.568500E-04
1.251,3.125600E-04,1.799400E-04
1.252,3.488200E-04,2.082900E-04
1.254,3.719700E-04,2.400800E-04
1.255,3.898800E-04,2.733200E-04
1.257,4.018900E-04,3.059700E-04
1.258,4.158700E-04,3.360700E-04
1.260,4.200200E-04,3.618200E-04
1.261,4.080100E-04,3.816900E-04
1.263,4.032100E-04,3.945300E-04
1.264,3.896600E-04,3.995800E-04
1.266,3.625800E-04,3.965300E-04
1.267,3.344000E-04,3.855700E-04
1.269,3.073200E-04,3.673200E-04
1.270,2.778300E-04,3.428000E-04
1.272,2.378600E-04,3.134100E-04
1.273,2.096800E-04,2.808000E-04
1.275,1.856600E-04,2.467800E-04
1.276,1.633800E-04,2.132400E-04
1.278,1.454700E-04,1.820000E-04
1.279,1.308300E-04,1.547500E-04
1.281,1.341100E-04,1.329100E-04
1.282,1.430700E-04,1.175800E-04
1.284,1.533300E-04,1.094500E-04
1.285,1.708100E-04,1.088100E-04
1.287,1.950500E-04,1.155200E-04
1.288,2.219200E-04,1.290400E-04
1.290,2.492200E-04,1.484200E-04
1.291,2.745600E-04,1.724300E-04
1.293,3.001100E-04,1.995800E-04
1.294,3.184600E-04,2.281900E-04
1.296,3.265400E-04,2.565400E-04
1.297,3.365900E-04,2.829100E-04
1.299,3.418300E-04,3.057200E-04
1.300,3.372400E-04,3.236300E-04
1.302,3.324400E-04,3.355800E-04
1.303,3.158400E-04,3.408700E-04
1.305,3.016400E-04,3.392000E-04
1.306,2.804500E-04,3.306900E-04
1.308,2.577400E-04,3.158200E-04
1.309,2.280300E-04,2.954600E-04
1.311,2.002900E-04,2.707500E-04
1.312,1.802000E-04,2.430900E-04
1.314,1.568300E-04,2.140200E-04
1.315,1.389200E-04,1.851400E-04
1.317,1.214400E-04,1.580300E-04
1.318,1.146700E-04,1.341600E-04
1.320,1.098700E-04,1.148200E-04
1.321,1.107400E-04,1.010000E-04
1.323,1.196900E-04,9.340600E-05
1.324,1.323600E-04,9.236800E-05
1.326,1.544200E-04,9.783700E-05
1.327,1.832600E-04,1.093900E-04
1.329,2.136200E-04,1.262500E-04
1.330,2.383000E-04,1.473400E-04
1.332,2.612300E-04,1.713700E-04
1.333,2.885300E-04,1.968700E-04
1.335,2.968300E-04,2.223200E-04
1.336,2.992400E-04,2.462200E-04
1.338,3.053500E-04,2.671700E-04
1.339,3.055700E-04,2.839400E-04
1.341,3.057900E-04,2.955600E-04
1.342,2.907200E-04,3.013600E-04
1.344,2.776100E-04,3.009800E-04
1.345,2.603600E-04,2.944500E-04
1.347,2.302200E-04,2.821400E-04
1.348,2.048800E-04,2.647400E-04
1.350,1.751700E-04,2.432300E-04
1.351,1.507100E-04,2.188300E-04
1.353,1.277800E-04,1.929100E-04
1.354,1.118300E-04,1.669400E-04
1.356,1.011300E-04,1.423500E-04
1.357,9.479500E-05,1.205200E-04
1.359,9.173700E-05,1.026500E-04
1.360,8.955300E-05,8.967900E-05
1.362,9.872600E-05,8.230000E-05
1.363,1.124900E-04,8.086000E-05
1.365,1.277800E-04,8.536900E-05
1.366,1.441600E-04,9.550000E-05
1.368,1.701500E-04,1.106100E-04
1.369,1.928700E-04,1.297600E-04
1.371,2.184200E-04,1.518100E-04
1.372,2.380800E-04,1.754600E-04
1.374,2.618900E-04,1.992900E-04
1.375,2.800200E-04,2.219400E-04
1.377,2.900600E-04,2.420800E-04
1.378,3.025100E-04,2.585500E-04
1.380,2.964000E-04,2.703900E-04
1.381,2.870100E-04,2.769300E-04
1.383,2.721500E-04,2.777900E-04
1.384,2.540200E-04,2.729000E-04
1.386,2.337100E-04,2.625500E-04
1.387,2.057500E-04,2.473100E-04
1.389,1.839100E-04,2.280500E-04
1.390,1.598800E-04,2.058400E-04
1.392,1.352000E-04,1.819500E-04
1.393,1.148900E-04,1.577200E-04
1.395,9.435800E-05,1.345000E-04
1.396,8.168900E-05,1.136100E-04
1.398,7.753900E-05,9.618800E-05
1.399,7.819500E-05,8.321200E-05
1.401,8.452900E-05,7.538600E-05
1.402,1.024400E-04,7.312700E-05
1.404,1.186000E-04,7.654000E-05
1.405,1.387000E-04,8.541000E-05
1.407,1.592300E-04,9.921700E-05
1.408,1.871900E-04,1.171600E-04
1.410,2.090300E-04,1.382100E-04
1.411,2.254100E-04,1.611600E-04
1.413,2.428800E-04,1.846700E-04
1.414,2.677800E-04,2.074000E-04
1.416,2.841700E-04,2.280300E-04
1.417,2.867900E-04,2.453800E-04
1.419,2.955200E-04,2.584400E-04
1.420,2.964000E-04,2.664700E-04
1.422,2.830700E-04,2.690100E-04
1.423,2.623200E-04,2.658900E-04
1.425,2.398300E-04,2.572800E-04
1.426,2.192900E-04,2.436800E-04
1.428,1.871900E-04,2.258500E-04
1.429,1.590100E-04,2.048000E-04
1.431,1.448100E-04,1.817300E-04
1.432,1.227500E-04,1.579700E-04
1.434,1.026600E-04,1.348800E-04
1.435,8.627600E-05,1.137800E-04
1.437,7.753900E-05,9.587700E-05
1.438,7.207900E-05,8.220100E-05
1.440,6.880300E-05,7.354100E-05
1.441,7.601000E-05,7.040500E-05
1.443,9.195500E-05,7.299100E-05
1.444,1.168600E-04,8.117700E-05
1.446,1.382600E-04,9.453200E-05
1.447,1.653400E-04,1.123400E-04
1.449,1.950500E-04,1.336200E-04
1.450,2.223500E-04,1.572000E-04
1.452,2.439800E-04,1.817900E-04
1.453,2.638500E-04,2.060000E-04
1.455,2.876600E-04,2.284700E-04
1.456,3.033900E-04,2.479200E-04
1.458,3.095000E-04,2.632300E-04
1.459,3.110300E-04,2.735300E-04
1.461,3.064400E-04,2.782200E-04
1.462,2.867900E-04,2.770200E-04
1.464,2.664700E-04,2.700000E-04
1.465,2.404800E-04,2.575500E-04
1.467,2.134000E-04,2.403700E-04
1.468,1.850000E-04,2.194300E-04
1.470,1.592300E-04,1.959400E-04
1.471,1.408800E-04,1.712300E-04
1.473,1.192600E-04,1.467500E-04
1.474,1.020000E-04,1.239200E-04
1.476,9.130000E-05,1.041000E-04
1.477,8.693200E-05,8.849200E-05
1.479,8.496600E-05,7.806300E-05
1.480,8.518400E-05,7.351600E-05
1.482,9.588700E-05,7.522100E-05
1.483,1.116100E-04,8.320300E-05
1.485,1.308300E-04,9.712700E-05
1.486,1.553000E-04,1.163200E-04
1.488,1.850000E-04,1.398100E-04
1.489,2.199500E-04,1.663600E-04
1.491,2.566400E-04,1.945700E-04
1.492,2.854800E-04,2.229000E-04
1.494,3.112500E-04,2.498200E-04
1.495,3.234800E-04,2.738300E-04
1.497,3.271900E-04,2.936000E-04
1.498,3.285100E-04,3.080000E-04
1.500,3.213000E-04,3.162000E-04
1.501,3.086300E-04,3.177100E-04
1.503,2.964000E-04,3.124200E-04
1.504,2.760800E-04,3.006000E-04
1.506,2.592700E-04,2.829000E-04
1.507,2.275900E-04,2.603200E-04
1.509,2.000700E-04,2.341600E-04
1.510,1.751700E-04,2.059500E-04
1.512,1.465600E-04,1.773800E-04
1.513,1.299600E-04,1.501700E-04
1.515,1.081200E-04,1.260500E-04
1.516,9.960000E-05,1.065500E-04
1.518,8.846000E-05,9.303300E-05
1.519,8.911600E-05,8.651600E-05
1.521,1.000400E-04,8.766500E-05
1.522,1.138000E-04,9.673400E-05
1.524,1.430700E-04,1.135400E-04
1.525,1.740800E-04,1.374800E-04
1.527,2.101200E-04,1.675100E-04
1.528,2.557700E-04,2.022500E-04
1.530,2.981400E-04,2.400200E-04
1.531,3.324400E-04,2.789100E-04
1.533,3.636700E-04,3.169300E-04
1.534,3.953400E-04,3.520600E-04
1.536,4.211200E-04,3.824000E-04
1.537,4.335700E-04,4.062800E-04
1.539,4.344400E-04,4.223400E-04
1.540,4.388100E-04,4.296200E-04
1.542,4.311600E-04,4.276400E-04
1.543,4.082300E-04,4.164400E-04
1.545,3.844200E-04,3.965800E-04
1.546,3.494700E-04,3.691600E-04
1.548,3.180200E-04,3.357600E-04
1.549,2.841700E-04,2.984000E-04
1.551,2.431000E-04,2.593900E-04
1.552,2.118700E-04,2.212700E-04
1.554,1.799800E-04,1.866100E-04
1.555,1.594500E-04,1.579300E-04
1.557,1.450300E-04,1.375300E-04
1.558,1.402300E-04,1.273700E-04
1.560,1.581400E-04,1.289600E-04
1.561,1.815100E-04,1.432700E-04
1.563,2.203900E-04,1.706200E-04
1.564,2.721500E-04,2.106700E-04
1.566,3.398600E-04,2.623800E-04
1.567,4.219900E-04,3.240000E-04
1.569,5.080500E-04,3.932100E-04
1.570,6.024000E-04,4.671300E-04
1.572,6.851900E-04,5.425000E-04
1.573,7.579200E-04,6.158000E-04
1.575,8.251900E-04,6.834300E-04
1.576,8.806700E-04,7.419300E-04
1.578,9.169300E-04,7.881200E-04
1.579,9.339700E-04,8.193500E-04
1.581,9.453300E-04,8.336900E-04
1.582,9.512200E-04,8.300600E-04
1.584,9.300400E-04,8.083900E-04
1.585,8.891900E-04,7.697200E-04
1.587,8.398300E-04,7.162500E-04
1.588,7.806400E-04,6.512900E-04
1.590,7.065900E-04,5.792700E-04
1.591,6.233700E-04,5.056100E-04
1.593,5.434300E-04,4.365700E-04
1.594,4.851100E-04,3.790700E-04
1.596,4.379300E-04,3.405100E-04
1.597,4.130300E-04,3.284800E-04
1.599,4.195900E-04,3.505300E-04
1.600,4.702600E-04,4.138700E-04
1.602,5.663700E-04,5.250500E-04
1.603,7.044100E-04,6.897100E-04
1.605,8.922500E-04,9.122700E-04
1.606,1.158700E-03,1.195700E-03
1.608,1.493800E-03,1.541400E-03
1.609,1.879900E-03,1.949000E-03
1.611,2.318500E-03,2.416200E-03
1.612,2.806100E-03,2.938900E-03
1.614,3.330300E-03,3.511200E-03
1.615,3.912800E-03,4.125300E-03
1.617,4.502300E-03,4.772000E-03
1.618,5.107300E-03,5.440500E-03
1.620,5.759300E-03,6.119000E-03
1.621,6.432300E-03,6.794800E-03
1.623,7.074200E-03,7.455100E-03
1.624,7.639900E-03,8.087000E-03
1.626,8.189000E-03,8.678300E-03
1.627,8.723500E-03,9.217100E-03
1.629,9.192200E-03,9.693000E-03
1.630,9.594100E-03,1.009700E-02
1.632,9.976600E-03,1.042000E-02
1.633,1.028100E-02,1.065600E-02
1.635,1.049300E-02,1.080100E-02
1.636,1.061900E-02,1.085300E-02
1.638,1.060000E-02,1.081100E-02
1.639,1.047900E-02,1.067600E-02
1.641,1.025600E-02,1.045200E-02
1.642,9.998200E-03,1.014400E-02
1.644,9.682400E-03,9.760100E-03
1.645,9.291200E-03,9.307500E-03
1.647,8.832900E-03,8.796100E-03
1.648,8.338400E-03,8.236400E-03
1.650,7.799800E-03,7.639400E-03
1.651,7.221900E-03,7.016700E-03
1.653,6.631500E-03,6.379500E-03
1.654,6.009900E-03,5.738900E-03
1.656,5.454000E-03,5.105500E-03
1.657,4.892800E-03,4.488900E-03
1.659,4.341100E-03,3.897800E-03
1.660,3.782800E-03,3.339700E-03
1.662,3.254300E-03,2.820800E-03
1.663,2.775500E-03,2.346200E-03
1.665,2.317900E-03,1.919200E-03
1.666,1.898700E-03,1.542000E-03
1.668,1.545300E-03,1.215200E-03
1.669,1.254800E-03,9.381900E-04
1.671,9.872600E-04,7.092500E-04
1.672,7.596700E-04,5.255800E-04
1.674,5.781600E-04,3.835800E-04
1.675,4.302900E-04,2.790200E-04
1.677,3.215200E-04,2.072400E-04
1.678,2.354600E-04,1.632900E-04
1.680,1.854400E-04,1.421500E-04
1.681,1.485300E-04,1.389000E-04
1.683,1.389200E-04,1.488000E-04
1.684,1.406600E-04,1.675000E-04
1.686,1.382600E-04,1.910600E-04
1.687,1.559500E-04,2.161000E-04
1.689,1.714600E-04,2.398200E-04
1.690,1.952700E-04,2.600200E-04
1.692,2.055300E-04,2.751100E-04
1.693,2.208200E-04,2.840900E-04
1.695,2.341500E-04,2.865000E-04
1.696,2.361100E-04,2.823500E-04
1.698,2.326200E-04,2.720800E-04
1.699,2.234400E-04,2.564300E-04
1.701,2.112100E-04,2.363900E-04
1.702,1.963600E-04,2.130900E-04
1.704,1.786700E-04,1.877400E-04
1.705,1.572600E-04,1.615600E-04
1.707,1.402300E-04,1.356800E-04
1.708,1.225300E-04,1.111200E-04
1.710,1.039700E-04,8.875700E-05
1.711,8.758700E-05,6.927400E-05
1.713,7.535500E-05,5.315600E-05
1.714,6.181300E-05,4.067600E-05
1.716,5.547900E-05,3.190500E-05
1.717,5.067400E-05,2.672400E-05
1.719,4.608700E-05,2.484300E-05
1.720,4.368400E-05,2.583700E-05
1.722,4.390300E-05,2.917700E-05
1.723,4.848900E-05,3.427300E-05
1.725,5.045500E-05,4.050600E-05
1.726,4.980000E-05,4.726700E-05
1.728,5.351300E-05,5.398400E-05
1.729,5.722600E-05,6.015000E-05
1.731,6.028400E-05,6.534000E-05
1.732,6.312400E-05,6.922800E-05
1.734,6.334200E-05,7.159300E-05
1.735,6.792900E-05,7.231900E-05
1.737,6.552600E-05,7.139500E-05
1.738,6.487100E-05,6.890600E-05
1.740,6.421600E-05,6.502000E-05
1.741,6.093900E-05,5.996900E-05
1.743,5.657100E-05,5.403800E-05
1.744,4.980000E-05,4.754000E-05
1.746,4.499500E-05,4.079900E-05
1.747,3.975300E-05,3.413200E-05
1.749,3.341800E-05,2.783300E-05
1.750,2.642900E-05,2.215800E-05
1.752,2.358900E-05,1.731400E-05
1.753,2.162400E-05,1.345200E-05
1.755,1.878400E-05,1.066100E-05
1.756,1.660000E-05,8.968300E-06
1.758,1.485300E-05,8.341000E-06
1.759,1.419700E-05,8.692200E-06
1.761,1.266800E-05,9.889400E-06
1.762,1.245000E-05,1.176500E-05
1.764,1.550800E-05,1.412600E-05
1.765,1.725500E-05,1.677100E-05
1.767,2.053200E-05,1.949500E-05
1.768,2.380800E-05,2.210600E-05
1.770,2.686600E-05,2.443200E-05
1.771,2.839500E-05,2.632700E-05
1.773,3.014200E-05,2.768300E-05
1.774,3.123400E-05,2.842400E-05
1.776,3.210800E-05,2.851600E-05
1.777,3.057900E-05,2.796500E-05
1.779,2.970500E-05,2.680900E-05
1.780,3.014200E-05,2.512200E-05
1.782,2.817600E-05,2.300300E-05
1.783,2.642900E-05,2.056800E-05
1.785,2.380800E-05,1.794900E-05
1.786,2.206100E-05,1.528100E-05
1.788,2.009500E-05,1.269300E-05
1.789,1.660000E-05,1.030700E-05
1.791,1.376100E-05,8.222200E-06
1.792,1.113900E-05,6.519400E-06
1.794,8.736800E-06,5.251200E-06
1.795,7.426300E-06,4.444500E-06
1.797,6.989500E-06,4.101100E-06
1.798,5.897400E-06,4.200000E-06
1.800,6.115800E-06,4.700400E-06
1.801,6.334200E-06,5.543700E-06
1.803,6.989500E-06,6.656700E-06
1.804,7.644700E-06,7.954400E-06
1.806,7.644700E-06,9.344800E-06
1.807,8.300000E-06,1.073400E-05
1.809,1.048400E-05,1.203300E-05
1.810,1.179500E-05,1.315900E-05
1.812,1.223200E-05,1.404700E-05
1.813,1.201300E-05,1.464400E-05
1.815,1.245000E-05,1.492100E-05
1.816,1.376100E-05,1.486300E-05
1.818,1.179500E-05,1.448000E-05
1.819,1.135800E-05,1.379500E-05
1.821,1.070300E-05,1.285100E-05
1.822,1.113900E-05,1.170100E-05
1.824,1.135800E-05,1.041100E-05
1.825,1.026600E-05,9.051100E-06
1.827,9.828900E-06,7.694200E-06
1.828,9.173700E-06,6.410100E-06
1.830,8.955300E-06,5.260800E-06
1.831,7.426300E-06,4.295900E-06
1.833,6.115800E-06,3.549900E-06
1.834,5.242100E-06,3.042500E-06
1.836,5.023700E-06,2.779600E-06
1.837,4.150000E-06,2.756600E-06
1.839,2.839500E-06,2.960700E-06
1.840,4.368400E-06,3.371600E-06
1.842,4.805300E-06,3.961200E-06
1.843,5.460500E-06,4.692700E-06
1.845,6.771000E-06,5.521000E-06
1.846,7.644700E-06,6.394000E-06
1.848,9.828900E-06,7.256100E-06
1.849,8.736800E-06,8.052700E-06
1.851,8.955300E-06,8.733600E-06
1.852,8.518400E-06,9.257400E-06
1.854,8.736800E-06,9.593100E-06
1.855,8.300000E-06,9.721900E-06
1.857,6.552600E-06,9.637500E-06
1.858,7.644700E-06,9.346500E-06
1.860,6.989500E-06,8.867100E-06
1.861,7.426300E-06,8.228500E-06
1.863,5.897400E-06,7.468800E-06
1.864,5.897400E-06,6.633300E-06
1.866,5.897400E-06,5.770900E-06
1.867,5.242100E-06,4.930600E-06
1.869,5.897400E-06,4.157300E-06
1.870,5.460500E-06,3.488200E-06
1.872,5.023700E-06,2.949700E-06
1.873,4.368400E-06,2.557600E-06
1.875,4.150000E-06,2.318000E-06
1.876,3.276300E-06,2.231000E-06
1.878,2.184200E-06,2.292800E-06
1.879,1.747400E-06,2.497300E-06
1.881,2.184200E-06,2.835100E-06
1.882,2.839500E-06,3.291400E-06
1.884,2.621100E-06,3.844000E-06
1.885,2.839500E-06,4.462500E-06
1.887,3.931600E-06,5.109700E-06
1.888,5.023700E-06,5.744700E-06
1.890,4.805300E-06,6.326300E-06
1.891,4.586800E-06,6.817300E-06
1.893,5.460500E-06,7.186800E-06
1.894,6.334200E-06,7.412100E-06
1.896,5.460500E-06,7.480100E-06
1.897,5.023700E-06,7.387300E-06
1.899,5.242100E-06,7.139800E-06
1.900,4.805300E-06,6.753200E-06
1.902,4.586800E-06,6.251400E-06
1.903,3.713200E-06,5.665800E-06
1.905,4.368400E-06,5.033000E-06
1.906,4.150000E-06,4.392000E-06
1.908,3.713200E-06,3.780900E-06
1.909,3.494700E-06,3.232900E-06
1.911,3.057900E-06,2.773500E-06
1.912,3.276300E-06,2.418700E-06
1.914,2.402600E-06,2.175900E-06
1.915,2.184200E-06,2.046500E-06
1.917,2.402600E-06,2.029000E-06
1.918,2.402600E-06,2.121200E-06
1.920,2.621100E-06,2.320600E-06
1.921,2.184200E-06,2.622500E-06
1.923,2.184200E-06,3.017500E-06
1.924,3.057900E-06,3.489100E-06
1.926,3.276300E-06,4.012800E-06
1.927,4.368400E-06,4.557500E-06
1.929,4.586800E-06,5.088600E-06
1.930,5.460500E-06,5.571200E-06
1.932,6.115800E-06,5.973700E-06
1.933,5.460500E-06,6.270100E-06
1.935,5.460500E-06,6.441800E-06
1.936,5.023700E-06,6.478400E-06
1.938,5.242100E-06,6.377800E-06
1.939,4.586800E-06,6.146700E-06
1.941,4.586800E-06,5.799900E-06
1.942,4.150000E-06,5.359600E-06
1.944,4.150000E-06,4.854300E-06
1.945,3.494700E-06,4.316600E-06
1.947,3.057900E-06,3.780600E-06
1.948,3.494700E-06,3.278300E-06
1.950,2.839500E-06,2.836800E-06
1.951,3.057900E-06,2.475200E-06
1.953,2.621100E-06,2.204600E-06
1.954,2.621100E-06,2.029100E-06
1.956,2.839500E-06,1.948800E-06
1.957,2.184200E-06,1.962500E-06
1.959,2.621100E-06,2.069700E-06
1.960,2.621100E-06,2.269800E-06
1.962,3.057900E-06,2.560500E-06
1.963,3.713200E-06,2.934300E-06
1.965,3.276300E-06,3.376700E-06
1.966,3.494700E-06,3.865000E-06
1.968,3.931600E-06,4.370300E-06
1.969,3.713200E-06,4.860000E-06
1.971,3.931600E-06,5.301300E-06
1.972,3.931600E-06,5.664600E-06
1.974,4.150000E-06,5.925800E-06
1.975,4.150000E-06,6.067700E-06
1.977,3.713200E-06,6.081300E-06
1.978,4.586800E-06,5.965900E-06
1.980,4.368400E-06,5.728900E-06
1.981,4.368400E-06,5.385900E-06
1.983,4.368400E-06,4.959500E-06
1.984,4.586800E-06,4.478000E-06
1.986,4.150000E-06,3.973400E-06
1.987,3.713200E-06,3.478400E-06
1.989,3.931600E-06,3.023000E-06
1.990,3.494700E-06,2.631100E-06
1.992,3.276300E-06,2.318800E-06
1.993,2.839500E-06,2.094600E-06
1.995,3.057900E-06,1.960600E-06
1.996,2.839500E-06,1.916600E-06
1.998,2.184200E-06,1.961600E-06
1.999,1.965800E-06,2.096100E-06
2.001,1.747400E-06,2.320200E-06
2.002,2.621100E-06,2.631600E-06
2.004,2.402600E-06,3.021900E-06
2.005,3.057900E-06,3.475300E-06
2.007,4.150000E-06,3.968100E-06
2.008,4.368400E-06,4.470600E-06
2.010,5.460500E-06,4.950200E-06
2.011,5.023700E-06,5.375100E-06
2.013,5.897400E-06,5.716900E-06
2.014,5.678900E-06,5.953200E-06
2.016,4.805300E-06,6.068800E-06
2.017,4.586800E-06,6.056200E-06
2.019,3.713200E-06,5.916500E-06
2.020,3.713200E-06,5.658400E-06
2.022,3.276300E-06,5.298700E-06
2.023,2.839500E-06,4.861100E-06
2.025,3.057900E-06,4.374600E-06
2.026,3.276300E-06,3.871500E-06
2.028,3.057900E-06,3.384100E-06
2.029,2.621100E-06,2.941300E-06
2.031,2.402600E-06,2.565900E-06
2.032,2.184200E-06,2.272500E-06
2.034,1.747400E-06,2.068600E-06
2.035,1.747400E-06,1.956700E-06
2.037,1.747400E-06,1.936900E-06
2.038,2.402600E-06,2.009800E-06
2.040,3.276300E-06,2.176600E-06
2.041,4.150000E-06,2.437500E-06
2.043,4.150000E-06,2.788900E-06
2.044,4.368400E-06,3.220200E-06
2.046,4.805300E-06,3.712700E-06
2.047,4.150000E-06,4.239600E-06
2.049,3.713200E-06,4.768700E-06
2.050,3.276300E-06,5.266000E-06
2.052,3.276300E-06,5.698400E-06
2.053,3.276300E-06,6.037600E-06
2.055,3.057900E-06,6.261500E-06
2.056,3.276300E-06,6.355500E-06
2.058,3.276300E-06,6.313500E-06
2.059,3.276300E-06,6.138100E-06
2.061,3.494700E-06,5.840200E-06
2.062,3.276300E-06,5.439100E-06
2.064,3.494700E-06,4.961300E-06
2.065,3.494700E-06,4.438500E-06
2.067,3.494700E-06,3.905600E-06
2.068,3.057900E-06,3.396500E-06
2.070,3.057900E-06,2.941000E-06
2.071,3.713200E-06,2.562000E-06
2.073,3.713200E-06,2.274200E-06
2.074,3.494700E-06,2.085300E-06
2.076,3.276300E-06,1.998300E-06
2.077,3.494700E-06,2.014700E-06
2.079,3.276300E-06,2.135900E-06
2.080,3.057900E-06,2.362800E-06
2.082,3.494700E-06,2.694000E-06
2.083,3.931600E-06,3.122100E-06
2.085,3.713200E-06,3.631800E-06
2.086,3.494700E-06,4.198700E-06
2.088,4.150000E-06,4.791000E-06
2.089,4.586800E-06,5.372600E-06
2.091,3.931600E-06,5.906600E-06
2.092,4.150000E-06,6.358800E-06
2.094,5.023700E-06,6.700500E-06
2.095,5.678900E-06,6.910200E-06
2.097,5.460500E-06,6.974600E-06
2.098,4.805300E-06,6.889600E-06
2.100,4.586800E-06,6.659800E-06
2.101,3.931600E-06,6.299100E-06
2.103,2.839500E-06,5.830200E-06
2.104,2.402600E-06,5.283100E-06
2.106,1.965800E-06,4.693500E-06
2.107,1.747400E-06,4.099600E-06
2.109,1.747400E-06,3.538500E-06
2.110,2.402600E-06,3.042500E-06
2.112,2.621100E-06,2.636400E-06
2.113,2.402600E-06,2.336800E-06
2.115,2.621100E-06,2.153100E-06
2.116,3.057900E-06,2.090100E-06
2.118,3.276300E-06,2.150800E-06
2.119,2.839500E-06,2.337300E-06
2.121,3.931600E-06,2.649500E-06
2.122,5.897400E-06,3.082600E-06
2.124,6.552600E-06,3.624000E-06
2.125,7.426300E-06,4.251400E-06
2.127,8.081600E-06,4.932800E-06
2.128,9.392100E-06,5.629700E-06
2.130,8.955300E-06,6.299800E-06
2.131,8.300000E-06,6.901700E-06
2.133,9.392100E-06,7.397900E-06
2.134,8.081600E-06,7.757800E-06
2.136,9.610500E-06,7.959200E-06
2.137,8.955300E-06,7.989600E-06
2.139,9.392100E-06,7.846700E-06
2.140,9.392100E-06,7.538900E-06
2.142,8.081600E-06,7.084600E-06
2.143,8.081600E-06,6.511800E-06
2.145,6.334200E-06,5.856500E-06
2.146,6.115800E-06,5.160300E-06
2.148,5.023700E-06,4.467200E-06
2.149,4.150000E-06,3.819600E-06
2.151,3.494700E-06,3.254600E-06
2.152,3.276300E-06,2.801600E-06
2.154,2.839500E-06,2.481100E-06
2.155,2.184200E-06,2.306300E-06
2.157,3.276300E-06,2.284900E-06
2.158,4.586800E-06,2.421400E-06
2.160,6.334200E-06,2.717000E-06
2.161,7.426300E-06,3.168100E-06
2.163,7.863200E-06,3.763400E-06
2.164,1.004700E-05,4.481300E-06
2.166,1.070300E-05,5.289500E-06
2.167,9.610500E-06,6.146100E-06
2.169,1.048400E-05,7.002900E-06
2.170,1.070300E-05,7.809900E-06
2.172,1.092100E-05,8.518800E-06
2.173,9.610500E-06,9.087100E-06
2.175,8.955300E-06,9.480800E-06
2.176,1.048400E-05,9.675900E-06
2.178,9.173700E-06,9.660200E-06
2.179,9.173700E-06,9.433700E-06
2.181,8.955300E-06,9.009300E-06
2.182,9.392100E-06,8.411600E-06
2.184,8.955300E-06,7.676500E-06
2.185,8.081600E-06,6.849100E-06
2.187,7.207900E-06,5.980600E-06
2.188,6.334200E-06,5.124800E-06
2.190,6.989500E-06,4.333700E-06
2.191,6.115800E-06,3.654000E-06
2.193,6.552600E-06,3.123600E-06
2.194,5.678900E-06,2.771200E-06
2.196,7.207900E-06,2.616300E-06
2.197,8.300000E-06,2.671400E-06
2.199,8.736800E-06,2.941900E-06
2.200,9.392100E-06,3.425900E-06
2.202,1.004700E-05,4.111900E-06
2.203,1.135800E-05,4.976600E-06
2.205,1.026600E-05,5.984000E-06
2.206,1.070300E-05,7.085600E-06
2.208,1.135800E-05,8.224300E-06
2.209,1.376100E-05,9.337700E-06
2.211,1.397900E-05,1.036300E-05
2.212,1.397900E-05,1.124300E-05
2.214,1.507100E-05,1.192600E-05
2.215,1.441600E-05,1.237200E-05
2.217,1.310500E-05,1.255500E-05
2.218,1.179500E-05,1.246300E-05
2.220,1.245000E-05,1.209800E-05
2.221,1.223200E-05,1.148200E-05
2.223,1.223200E-05,1.064700E-05
2.224,1.245000E-05,9.642500E-06
2.226,1.245000E-05,8.527900E-06
2.227,1.070300E-05,7.370900E-06
2.229,9.392100E-06,6.242800E-06
2.230,9.173700E-06,5.213700E-06
2.232,7.863200E-06,4.347500E-06
2.233,7.863200E-06,3.698300E-06
2.235,7.644700E-06,3.308200E-06
2.236,8.081600E-06,3.207100E-06
2.238,7.644700E-06,3.412500E-06
2.239,7.644700E-06,3.929200E-06
2.241,8.518400E-06,4.748100E-06
2.242,9.392100E-06,5.844100E-06
2.244,1.092100E-05,7.175200E-06
2.245,1.354200E-05,8.682500E-06
2.247,1.572600E-05,1.029300E-05
2.248,1.747400E-05,1.192500E-05
2.250,1.943900E-05,1.349200E-05
2.251,2.227900E-05,1.490700E-05
2.253,2.337100E-05,1.609300E-05
2.254,2.337100E-05,1.698300E-05
2.256,2.293400E-05,1.752600E-05
2.257,2.293400E-05,1.768700E-05
2.259,2.249700E-05,1.745600E-05
2.260,1.987600E-05,1.684200E-05
2.262,1.878400E-05,1.587700E-05
2.263,1.834700E-05,1.461400E-05
2.265,1.638200E-05,1.312600E-05
2.266,1.419700E-05,1.150100E-05
2.268,1.266800E-05,9.837200E-06
2.269,1.179500E-05,8.238800E-06
2.271,1.092100E-05,6.808200E-06
2.272,8.300000E-06,5.640400E-06
2.274,9.392100E-06,4.818200E-06
2.275,9.828900E-06,4.408000E-06
2.277,1.004700E-05,4.456600E-06
2.278,1.004700E-05,4.989500E-06
2.280,9.828900E-06,6.008700E-06
2.281,1.004700E-05,7.490800E-06
2.283,1.223200E-05,9.386600E-06
2.284,1.550800E-05,1.162100E-05
2.286,1.834700E-05,1.409700E-05
2.287,1.943900E-05,1.669800E-05
2.289,2.206100E-05,1.929500E-05
2.290,2.664700E-05,2.175700E-05
2.292,2.708400E-05,2.395300E-05
2.293,2.730300E-05,2.576400E-05
2.295,2.752100E-05,2.708800E-05
2.296,3.014200E-05,2.784900E-05
2.298,3.036100E-05,2.799600E-05
2.299,2.948700E-05,2.751700E-05
2.301,2.926800E-05,2.643200E-05
2.302,2.817600E-05,2.479600E-05
2.304,2.730300E-05,2.270100E-05
2.305,2.446300E-05,2.026700E-05
2.307,2.118700E-05,1.763900E-05
2.308,1.900300E-05,1.498300E-05
2.310,1.681800E-05,1.247100E-05
2.311,1.616300E-05,1.027800E-05
2.313,1.332400E-05,8.569000E-06
2.314,1.201300E-05,7.490800E-06
2.316,1.572600E-05,7.163000E-06
2.317,1.616300E-05,7.670300E-06
2.319,1.791100E-05,9.056100E-06
2.320,1.791100E-05,1.131800E-05
2.322,2.271600E-05,1.440600E-05
2.323,2.948700E-05,1.822200E-05
2.325,3.254500E-05,2.262200E-05
2.326,3.778700E-05,2.742500E-05
2.328,4.455800E-05,3.241500E-05
2.329,5.089200E-05,3.736000E-05
2.331,5.831800E-05,4.201600E-05
2.332,5.919200E-05,4.614600E-05
2.334,6.530800E-05,4.953200E-05
2.335,6.618200E-05,5.198400E-05
2.337,6.618200E-05,5.335700E-05
2.338,6.661800E-05,5.355900E-05
2.340,6.596300E-05,5.255800E-05
2.341,6.923900E-05,5.039100E-05
2.343,6.399700E-05,4.716600E-05
2.344,6.246800E-05,4.306100E-05
2.346,5.962900E-05,3.831900E-05
2.347,5.831800E-05,3.324000E-05
2.349,5.154700E-05,2.816500E-05
2.350,4.346600E-05,2.346400E-05
2.352,3.844200E-05,1.951600E-05
2.353,3.603900E-05,1.668800E-05
2.355,3.145300E-05,1.531800E-05
2.356,3.036100E-05,1.569100E-05
2.358,3.145300E-05,1.802500E-05
2.359,3.625800E-05,2.245200E-05
2.361,4.630500E-05,2.900200E-05
2.362,5.678900E-05,3.759700E-05
2.364,7.251600E-05,4.804300E-05
2.365,8.125300E-05,6.003200E-05
2.367,1.004700E-04,7.314900E-05
2.368,1.186000E-04,8.689000E-05
2.370,1.369500E-04,1.006800E-04
2.371,1.553000E-04,1.138900E-04
2.373,1.697100E-04,1.259000E-04
2.374,1.847800E-04,1.360800E-04
2.376,1.959200E-04,1.438800E-04
2.377,2.026900E-04,1.488300E-04
2.379,2.085900E-04,1.505800E-04
2.380,2.092500E-04,1.489400E-04
2.382,2.088100E-04,1.439300E-04
2.383,2.048800E-04,1.357600E-04
2.385,1.968000E-04,1.248900E-04
2.386,1.924300E-04,1.120100E-04
2.388,1.725500E-04,9.806200E-05
2.389,1.598800E-04,8.423200E-05
2.391,1.437200E-04,7.191200E-05
2.392,1.352000E-04,6.268200E-05
2.394,1.225300E-04,5.826800E-05
2.395,1.107400E-04,6.049400E-05
2.397,1.157600E-04,7.122000E-05
2.398,1.207900E-04,9.228300E-05
2.400,1.408800E-04,1.254200E-04
2.401,1.622900E-04,1.722100E-04
2.403,2.020400E-04,2.339900E-04
2.404,2.577400E-04,3.118100E-04
2.406,3.158400E-04,4.063500E-04
2.407,3.955600E-04,5.179200E-04
2.409,4.927600E-04,6.464100E-04
2.410,6.032800E-04,7.912300E-04
2.412,7.258100E-04,9.513500E-04
2.413,8.649500E-04,1.125300E-03
2.415,1.015400E-03,1.310900E-03
2.416,1.189500E-03,1.506000E-03
2.418,1.353800E-03,1.707600E-03
2.419,1.543400E-03,1.912500E-03
2.421,1.729900E-03,2.117200E-03
2.422,1.905500E-03,2.318200E-03
2.424,2.068200E-03,2.511700E-03
2.425,2.222200E-03,2.694200E-03
2.427,2.380600E-03,2.862000E-03
2.428,2.537000E-03,3.011900E-03
2.430,2.654700E-03,3.141000E-03
2.431,2.774400E-03,3.246600E-03
2.433,2.877000E-03,3.326700E-03
2.434,2.948900E-03,3.379500E-03
2.436,3.013300E-03,3.404000E-03
2.437,3.026000E-03,3.399700E-03
2.439,3.045400E-03,3.366500E-03
2.440,3.018400E-03,3.305100E-03
2.442,2.995200E-03,3.216900E-03
2.443,2.934500E-03,3.103700E-03
2.445,2.852100E-03,2.967700E-03
2.446,2.749500E-03,2.811700E-03
2.448,2.630000E-03,2.639000E-03
2.449,2.502700E-03,2.452700E-03
2.451,2.340600E-03,2.256600E-03
2.452,2.190100E-03,2.054300E-03
2.454,2.015600E-03,1.849300E-03
2.455,1.843300E-03,1.645200E-03
2.457,1.668100E-03,1.445400E-03
2.458,1.490900E-03,1.252900E-03
2.460,1.332400E-03,1.070400E-03
2.461,1.154400E-03,9.001500E-04
2.463,9.916300E-04,7.441200E-04
2.464,8.389500E-04,6.037200E-04
2.466,6.952300E-04,4.799200E-04
2.467,5.711700E-04,3.732100E-04
2.469,4.589000E-04,2.836000E-04
2.470,3.711000E-04,2.106700E-04
2.472,2.942100E-04,1.535700E-04
2.473,2.350200E-04,1.111100E-04
2.475,1.834700E-04,8.185300E-05
2.476,1.461200E-04,6.413800E-05
2.478,1.146700E-04,5.619500E-05
2.479,9.676000E-05,5.619300E-05
2.481,8.059700E-05,6.229900E-05
2.482,6.814700E-05,7.273400E-05
2.484,6.661800E-05,8.582200E-05
2.485,6.530800E-05,1.000400E-04
2.487,6.552600E-05,1.140300E-04
2.488,6.945800E-05,1.266900E-04
2.490,7.491800E-05,1.371100E-04
2.491,8.212600E-05,1.446500E-04
2.493,8.431000E-05,1.489200E-04
2.494,8.278200E-05,1.497400E-04
2.496,8.605800E-05,1.471600E-04
2.497,8.583900E-05,1.414100E-04
2.499,8.518400E-05,1.328900E-04
2.500,8.081600E-05,1.220900E-04
2.502,7.557400E-05,1.096200E-04
2.503,7.382600E-05,9.611000E-05
2.505,6.858400E-05,8.219400E-05
2.506,6.093900E-05,6.849100E-05
2.508,5.263900E-05,5.556300E-05
2.509,4.346600E-05,4.389200E-05
2.511,3.822400E-05,3.386500E-05
2.512,3.167100E-05,2.575800E-05
2.514,2.773900E-05,1.973800E-05
2.515,2.337100E-05,1.585400E-05
2.517,2.009500E-05,1.405000E-05
2.518,1.834700E-05,1.417300E-05
2.520,1.987600E-05,1.598800E-05
2.521,1.965800E-05,1.919200E-05
2.523,2.249700E-05,2.343900E-05
2.524,2.621100E-05,2.835200E-05
2.526,2.926800E-05,3.355100E-05
2.527,3.145300E-05,3.866900E-05
2.529,3.429200E-05,4.337000E-05
2.530,3.538400E-05,4.736200E-05
2.532,3.451100E-05,5.041700E-05
2.533,3.472900E-05,5.236900E-05
2.535,3.538400E-05,5.312700E-05
2.536,3.735000E-05,5.266700E-05
2.538,3.494700E-05,5.103600E-05
2.539,3.560300E-05,4.834100E-05
2.541,3.276300E-05,4.473900E-05
2.542,2.752100E-05,4.043300E-05
2.544,2.446300E-05,3.565000E-05
2.545,2.206100E-05,3.063500E-05
2.547,1.943900E-05,2.563500E-05
2.548,1.594500E-05,2.088300E-05
2.550,1.419700E-05,1.658900E-05
2.551,1.463400E-05,1.292600E-05
2.553,1.507100E-05,1.002200E-05
2.554,1.288700E-05,7.959100E-06
2.556,1.310500E-05,6.770000E-06
2.557,1.223200E-05,6.443100E-06
2.559,1.288700E-05,6.925700E-06
2.560,1.223200E-05,8.129500E-06
2.562,1.026600E-05,9.935300E-06
2.563,9.828900E-06,1.219800E-05
2.565,1.026600E-05,1.475400E-05
2.566,1.135800E-05,1.743100E-05
2.568,1.354200E-05,2.005300E-05
2.569,1.310500E-05,2.246000E-05
2.571,1.572600E-05,2.450500E-05
2.572,1.812900E-05,2.607100E-05
2.574,1.878400E-05,2.707300E-05
2.575,1.943900E-05,2.746000E-05
2.577,1.856600E-05,2.721800E-05
2.578,1.922100E-05,2.636600E-05
2.580,1.616300E-05,2.496000E-05
2.581,1.507100E-05,2.308000E-05
2.583,1.245000E-05,2.083400E-05
2.584,1.092100E-05,1.834300E-05
2.586,1.026600E-05,1.574200E-05
2.587,1.004700E-05,1.316400E-05
2.589,1.026600E-05,1.073700E-05
2.590,8.300000E-06,8.575600E-06
2.592,7.426300E-06,6.769100E-06
2.593,7.207900E-06,5.382700E-06
2.595,5.242100E-06,4.454000E-06
2.596,3.931600E-06,3.996000E-06
2.598,4.150000E-06,4.000300E-06
2.599,4.368400E-06,4.440000E-06
2.601,4.805300E-06,5.271300E-06
2.602,4.586800E-06,6.433400E-06
2.604,5.242100E-06,7.849200E-06
2.605,5.460500E-06,9.427200E-06
2.607,6.771000E-06,1.106700E-05
2.608,6.989500E-06,1.266500E-05
2.610,8.081600E-06,1.412100E-05
2.611,1.004700E-05,1.534900E-05
2.613,9.610500E-06,1.627600E-05
2.614,9.828900E-06,1.685100E-05
2.616,9.610500E-06,1.704400E-05
2.617,9.610500E-06,1.684700E-05
2.619,9.173700E-06,1.627500E-05
2.620,7.863200E-06,1.536400E-05
2.622,8.081600E-06,1.416600E-05
2.623,7.644700E-06,1.275100E-05
2.625,6.115800E-06,1.119800E-05
2.626,5.242100E-06,9.593500E-06
2.628,5.242100E-06,8.025400E-06
2.629,3.931600E-06,6.574500E-06
2.631,3.494700E-06,5.309500E-06
2.632,3.494700E-06,4.282200E-06
2.634,3.713200E-06,3.525500E-06
2.635,3.713200E-06,3.054800E-06
2.637,2.839500E-06,2.871700E-06
2.638,3.494700E-06,2.968200E-06
2.640,4.805300E-06,3.328600E-06
2.641,5.242100E-06,3.929400E-06
2.643,5.897400E-06,4.736700E-06
2.644,5.897400E-06,5.705100E-06
2.646,6.334200E-06,6.777100E-06
2.647,7.426300E-06,7.886300E-06
2.649,6.771000E-06,8.962700E-06
2.650,6.115800E-06,9.937900E-06
2.652,5.242100E-06,1.075100E-05
2.653,7.207900E-06,1.135300E-05
2.655,7.863200E-06,1.170900E-05
2.656,7.207900E-06,1.180000E-05
2.658,6.334200E-06,1.162100E-05
2.659,6.989500E-06,1.118600E-05
2.661,6.771000E-06,1.052200E-05
2.662,5.460500E-06,9.667400E-06
2.664,5.023700E-06,8.675000E-06
2.665,4.150000E-06,7.603500E-06
2.667,5.023700E-06,6.515900E-06
2.668,4.368400E-06,5.473800E-06
2.670,4.150000E-06,4.531700E-06
2.671,3.713200E-06,3.732800E-06
2.673,2.839500E-06,3.105800E-06
2.674,2.621100E-06,2.665600E-06
2.676,1.747400E-06,2.415800E-06
2.677,1.965800E-06,2.353500E-06
2.679,2.402600E-06,2.472600E-06
2.680,2.184200E-06,2.764700E-06
2.682,3.494700E-06,3.217200E-06
2.683,4.150000E-06,3.810700E-06
2.685,5.023700E-06,4.515900E-06
2.686,5.897400E-06,5.293400E-06
2.688,6.552600E-06,6.095300E-06
2.689,7.207900E-06,6.870000E-06
2.691,7.207900E-06,7.567000E-06
2.692,7.863200E-06,8.140800E-06
2.694,7.426300E-06,8.555100E-06
2.695,6.989500E-06,8.784500E-06
2.697,7.426300E-06,8.815600E-06
2.698,7.644700E-06,8.647200E-06
2.700,6.334200E-06,8.290600E-06
2.701,5.023700E-06,7.768200E-06
2.703,4.368400E-06,7.113000E-06
2.704,3.713200E-06,6.366600E-06
2.706,2.184200E-06,5.576200E-06
2.707,1.310500E-06,4.790500E-06
2.709,1.528900E-06,4.055500E-06
2.710,2.402600E-06,3.409200E-06
2.712,2.402600E-06,2.878500E-06
2.713,2.621100E-06,2.478000E-06
2.715,2.621100E-06,2.211900E-06
2.716,2.621100E-06,2.078000E-06
2.718,2.839500E-06,2.071700E-06
2.719,2.184200E-06,2.189000E-06
2.721,3.494700E-06,2.426600E-06
2.722,3.713200E-06,2.778900E-06
2.724,4.368400E-06,3.234700E-06
2.725,5.242100E-06,3.774200E-06
2.727,5.242100E-06,4.368200E-06
2.728,6.552600E-06,4.979900E-06
2.730,6.552600E-06,5.568700E-06
2.731,6.552600E-06,6.094500E-06
2.733,6.552600E-06,6.521200E-06
2.734,6.115800E-06,6.820300E-06
2.736,6.552600E-06,6.972400E-06
2.737,5.678900E-06,6.967700E-06
2.739,5.023700E-06,6.807000E-06
2.740,4.805300E-06,6.501200E-06
2.742,4.150000E-06,6.070700E-06
2.743,3.931600E-06,5.544400E-06
2.745,3.057900E-06,4.957800E-06
2.746,2.402600E-06,4.350100E-06
2.748,1.747400E-06,3.760200E-06
2.749,1.528900E-06,3.222600E-06
2.751,1.747400E-06,2.763400E-06
2.752,1.965800E-06,2.398500E-06
2.754,1.965800E-06,2.133600E-06
2.755,1.965800E-06,1.967500E-06
2.757,1.965800E-06,1.895400E-06
2.758,2.839500E-06,1.913500E-06
2.760,3.276300E-06,2.020200E-06
2.761,3.057900E-06,2.215800E-06
2.763,3.057900E-06,2.499200E-06
2.764,4.150000E-06,2.864100E-06
2.766,4.805300E-06,3.296400E-06
2.767,4.368400E-06,3.772800E-06
2.769,4.805300E-06,4.263200E-06
2.770,6.552600E-06,4.733300E-06
2.772,7.863200E-06,5.149100E-06
2.773,8.518400E-06,5.480400E-06
2.775,8.518400E-06,5.703800E-06
2.776,9.173700E-06,5.803600E-06
2.778,8.736800E-06,5.773400E-06
2.779,7.644700E-06,5.615500E-06
2.781,6.334200E-06,5.341400E-06
2.782,4.805300E-06,4.970500E-06
2.784,4.805300E-06,4.529600E-06
2.785,4.150000E-06,4.050100E-06
2.787,4.150000E-06,3.565700E-06
2.788,3.276300E-06,3.107900E-06
2.790,3.494700E-06,2.702900E-06
2.791,3.276300E-06,2.368200E-06
2.793,2.621100E-06,2.112000E-06
2.794,2.184200E-06,1.934700E-06
2.796,2.184200E-06,1.831900E-06
2.797,2.839500E-06,1.798400E-06
2.799,2.621100E-06,1.831300E-06
2.800,2.839500E-06,1.931000E-06
2.802,3.931600E-06,2.099900E-06
2.803,4.805300E-06,2.339000E-06
2.805,4.368400E-06,2.644600E-06
2.806,4.368400E-06,3.005700E-06
2.808,5.242100E-06,3.403100E-06
2.809,5.897400E-06,3.810700E-06
2.811,6.552600E-06,4.199100E-06
2.812,6.552600E-06,4.539200E-06
2.814,6.334200E-06,4.804900E-06
2.815,6.771000E-06,4.976500E-06
2.817,7.863200E-06,5.041300E-06
2.818,7.207900E-06,4.994800E-06
2.820,6.552600E-06,4.840700E-06
2.821,5.678900E-06,4.590500E-06
2.823,5.897400E-06,4.263200E-06
2.824,4.805300E-06,3.883300E-06
2.826,3.057900E-06,3.479500E-06
2.827,3.276300E-06,3.080600E-06
2.829,2.402600E-06,2.712800E-06
2.830,2.402600E-06,2.395700E-06
2.832,2.402600E-06,2.141200E-06
2.833,2.839500E-06,1.952700E-06
2.835,2.621100E-06,1.827700E-06
2.836,2.184200E-06,1.761100E-06
2.838,2.402600E-06,1.748200E-06
2.839,2.839500E-06,1.787500E-06
2.841,3.057900E-06,1.880900E-06
2.842,2.621100E-06,2.032000E-06
2.844,3.276300E-06,2.242800E-06
2.845,3.494700E-06,2.511000E-06
2.847,3.931600E-06,2.827000E-06
2.848,3.931600E-06,3.173700E-06
2.850,4.805300E-06,3.527800E-06
2.851,5.242100E-06,3.862800E-06
2.853,5.242100E-06,4.152300E-06
2.854,5.897400E-06,4.373200E-06
2.856,5.460500E-06,4.508000E-06
2.857,5.897400E-06,4.546100E-06
2.859,4.586800E-06,4.484600E-06
2.860,4.368400E-06,4.328200E-06
2.862,4.586800E-06,4.089300E-06
2.863,3.713200E-06,3.786800E-06
2.865,3.494700E-06,3.444800E-06
2.866,2.839500E-06,3.089900E-06
2.868,3.057900E-06,2.748100E-06
2.869,2.839500E-06,2.441500E-06
2.871,2.184200E-06,2.185200E-06
2.872,2.184200E-06,1.986400E-06
2.874,2.184200E-06,1.845100E-06
2.875,2.184200E-06,1.756900E-06
2.877,1.965800E-06,1.716300E-06
2.878,1.965800E-06,1.719300E-06
2.880,1.747400E-06,1.765800E-06
2.881,1.965800E-06,1.859000E-06
2.883,2.621100E-06,2.003400E-06
2.884,3.276300E-06,2.201600E-06
2.886,4.150000E-06,2.451900E-06
2.887,5.678900E-06,2.745000E-06
2.889,6.771000E-06,3.064800E-06
2.890,6.552600E-06,3.389100E-06
2.892,5.678900E-06,3.693100E-06
2.893,5.897400E-06,3.952000E-06
2.895,5.460500E-06,4.144700E-06
2.896,4.150000E-06,4.255500E-06
2.898,3.276300E-06,4.275400E-06
2.899,4.150000E-06,4.203100E-06
2.901,4.586800E-06,4.044300E-06
2.902,4.586800E-06,3.812200E-06
2.904,4.368400E-06,3.525700E-06
2.905,4.805300E-06,3.208100E-06
2.907,5.242100E-06,2.884400E-06
2.908,4.368400E-06,2.578000E-06
2.910,4.150000E-06,2.307800E-06
2.911,3.057900E-06,2.086000E-06
2.913,2.839500E-06,1.917200E-06
2.914,2.839500E-06,1.800100E-06
2.916,2.621100E-06,1.730200E-06
2.917,2.621100E-06,1.702400E-06
2.919,2.839500E-06,1.714500E-06
2.920,3.713200E-06,1.767400E-06
2.922,4.150000E-06,1.865400E-06
2.923,3.931600E-06,2.013400E-06
2.925,3.494700E-06,2.214100E-06
2.926,3.713200E-06,2.464800E-06
2.928,3.713200E-06,2.755800E-06
2.929,3.931600E-06,3.070000E-06
2.931,4.150000E-06,3.385300E-06
2.932,4.586800E-06,3.676700E-06
2.934,5.023700E-06,3.920500E-06
2.935,6.115800E-06,4.096600E-06
2.937,6.334200E-06,4.190400E-06
2.938,6.552600E-06,4.194300E-06
2.940,6.771000E-06,4.108300E-06
2.941,6.771000E-06,3.939300E-06
2.943,6.989500E-06,3.701500E-06
2.944,6.115800E-06,3.414400E-06
2.946,5.897400E-06,3.101600E-06
2.947,5.678900E-06,2.787600E-06
2.949,4.805300E-06,2.494800E-06
2.950,4.150000E-06,2.240500E-06
2.952,3.494700E-06,2.035100E-06
2.953,3.713200E-06,1.881900E-06
2.955,3.713200E-06,1.778900E-06
2.956,3.057900E-06,1.721700E-06
2.958,3.494700E-06,1.706200E-06
2.959,3.931600E-06,1.731400E-06
2.961,3.931600E-06,1.799500E-06
2.962,3.494700E-06,1.915600E-06
2.964,4.368400E-06,2.084500E-06
2.965,4.586800E-06,2.307700E-06
2.967,6.115800E-06,2.580900E-06
2.968,6.115800E-06,2.892200E-06
2.970,6.771000E-06,3.222700E-06
2.971,8.955300E-06,3.549000E-06
2.973,9.173700E-06,3.845400E-06
2.974,9.392100E-06,4.088300E-06
2.976,8.300000E-06,4.257900E-06
2.977,8.955300E-06,4.340500E-06
2.979,8.736800E-06,4.329600E-06
2.980,7.863200E-06,4.225900E-06
2.982,6.989500E-06,4.037800E-06
2.983,6.989500E-06,3.780500E-06
2.985,6.334200E-06,3.474900E-06
2.986,5.460500E-06,3.145400E-06
2.988,5.242100E-06,2.817400E-06
2.989,4.368400E-06,2.513800E-06
2.991,4.150000E-06,2.251800E-06
2.992,3.713200E-06,2.042000E-06
2.994,3.713200E-06,1.887500E-06
2.995,3.276300E-06,1.786600E-06
2.997,3.276300E-06,1.735500E-06
2.998,3.494700E-06,1.731500E-06
3.000,3.276300E-06,1.774800E-06
3.001,3.276300E-06,1.869200E-06
3.003,3.713200E-06,2.020300E-06
3.004,3.931600E-06,2.232300E-06
3.006,5.023700E-06,2.504800E-06
3.007,4.586800E-06,2.830200E-06
3.009,5.023700E-06,3.192900E-06
3.010,4.805300E-06,3.570300E-06
3.012,5.460500E-06,3.935700E-06
3.013,6.115800E-06,4.261600E-06
3.015,6.115800E-06,4.522900E-06
3.016,6.771000E-06,4.699500E-06
3.018,6.771000E-06,4.777700E-06
3.019,6.989500E-06,4.751600E-06
3.021,6.334200E-06,4.623000E-06
3.022,6.334200E-06,4.401400E-06
3.024,5.678900E-06,4.103800E-06
3.025,5.242100E-06,3.753200E-06
3.027,5.023700E-06,3.376700E-06
3.028,5.678900E-06,3.002200E-06
3.030,5.242100E-06,2.655400E-06
3.031,5.023700E-06,2.356200E-06
3.033,4.368400E-06,2.116800E-06
3.034,4.150000E-06,1.942400E-06
3.036,3.931600E-06,1.832500E-06
3.037,3.276300E-06,1.784900E-06
3.039,4.150000E-06,1.798700E-06
3.040,5.023700E-06,1.876000E-06
3.042,5.460500E-06,2.022000E-06
3.043,5.460500E-06,2.242100E-06
3.045,6.334200E-06,2.538800E-06
3.046,6.334200E-06,2.907600E-06
3.048,5.678900E-06,3.335500E-06
3.049,4.586800E-06,3.800200E-06
3.051,5.242100E-06,4.273100E-06
3.052,6.334200E-06,4.721800E-06
3.054,5.897400E-06,5.114600E-06
3.055,6.552600E-06,5.423100E-06
3.057,7.644700E-06,5.625300E-06
3.058,9.828900E-06,5.706500E-06
3.060,1.004700E-05,5.660600E-06
3.061,9.828900E-06,5.490400E-06
3.063,9.828900E-06,5.207500E-06
3.064,1.070300E-05,4.831700E-06
3.066,9.173700E-06,4.390400E-06
3.067,7.644700E-06,3.915700E-06
3.069,7.426300E-06,3.441500E-06
3.070,6.334200E-06,2.999400E-06
3.072,6.334200E-06,2.615500E-06
3.073,4.805300E-06,2.307200E-06
3.075,5.678900E-06,2.084500E-06
3.076,4.805300E-06,1.950900E-06
3.078,4.586800E-06,1.908100E-06
3.079,4.586800E-06,1.958400E-06
3.081,3.931600E-06,2.107000E-06
3.082,3.931600E-06,2.360300E-06
3.084,4.586800E-06,2.722200E-06
3.085,5.242100E-06,3.190600E-06
3.087,6.115800E-06,3.752800E-06
3.088,6.989500E-06,4.385300E-06
3.090,8.300000E-06,5.054400E-06
3.091,9.173700E-06,5.720000E-06
3.093,8.955300E-06,6.340100E-06
3.094,1.113900E-05,6.874600E-06
3.096,1.135800E-05,7.288800E-06
3.097,1.223200E-05,7.555700E-06
3.099,1.201300E-05,7.657500E-06
3.100,1.223200E-05,7.586800E-06
3.102,1.288700E-05,7.346800E-06
3.103,1.048400E-05,6.951900E-06
3.105,9.828900E-06,6.427100E-06
3.106,9.392100E-06,5.807200E-06
3.108,9.392100E-06,5.134100E-06
3.109,8.518400E-06,4.453500E-06
3.111,7.644700E-06,3.810200E-06
3.112,7.863200E-06,3.244000E-06
3.114,7.207900E-06,2.786500E-06
3.115,7.426300E-06,2.460300E-06
3.117,6.552600E-06,2.280900E-06
3.118,5.897400E-06,2.259600E-06
3.120,6.334200E-06,2.407100E-06
3.121,7.644700E-06,2.732800E-06
3.123,8.081600E-06,3.243200E-06
3.124,7.426300E-06,3.937000E-06
3.126,7.863200E-06,4.800200E-06
3.127,1.004700E-05,5.803700E-06
3.129,9.828900E-06,6.903700E-06
3.130,8.955300E-06,8.044300E-06
3.132,8.955300E-06,9.163500E-06
3.133,1.048400E-05,1.019800E-05
3.135,1.135800E-05,1.108800E-05
3.136,1.245000E-05,1.178100E-05
3.138,1.550800E-05,1.223500E-05
3.139,1.660000E-05,1.242300E-05
3.141,1.791100E-05,1.232800E-05
3.142,1.834700E-05,1.195400E-05
3.144,1.965800E-05,1.131900E-05
3.145,1.834700E-05,1.045800E-05
3.147,1.572600E-05,9.422900E-06
3.148,1.463400E-05,8.279900E-06
3.150,1.332400E-05,7.104200E-06
3.151,1.157600E-05,5.975200E-06
3.153,1.026600E-05,4.971200E-06
3.154,9.828900E-06,4.164100E-06
3.156,1.004700E-05,3.616500E-06
3.157,9.610500E-06,3.381400E-06
3.159,1.070300E-05,3.502500E-06
3.160,1.026600E-05,4.014600E-06
3.162,1.070300E-05,4.941200E-06
3.163,1.135800E-05,6.290200E-06
3.165,1.288700E-05,8.047900E-06
3.166,1.463400E-05,1.017500E-05
3.168,1.572600E-05,1.260400E-05
3.169,1.856600E-05,1.524300E-05
3.171,2.140500E-05,1.798100E-05
3.172,2.249700E-05,2.069200E-05
3.174,2.424500E-05,2.324500E-05
3.175,2.905000E-05,2.551200E-05
3.177,3.188900E-05,2.737100E-05
3.178,3.669500E-05,2.871700E-05
3.180,3.822400E-05,2.946500E-05
3.181,3.997100E-05,2.955800E-05
3.183,3.909700E-05,2.897400E-05
3.184,4.128200E-05,2.772900E-05
3.186,4.346600E-05,2.588100E-05
3.187,4.018900E-05,2.353400E-05
3.189,3.931600E-05,2.083700E-05
3.190,3.756800E-05,1.798100E-05
3.192,3.691300E-05,1.519400E-05
3.193,3.014200E-05,1.274000E-05
3.195,2.468200E-05,1.090500E-05
3.196,2.358900E-05,9.996000E-06
3.198,2.315300E-05,1.032800E-05
3.199,2.315300E-05,1.221900E-05
3.201,2.468200E-05,1.597600E-05
3.202,2.686600E-05,2.188500E-05
3.204,3.057900E-05,3.019700E-05
3.205,3.407400E-05,4.111600E-05
3.207,3.822400E-05,5.478800E-05
3.208,4.717900E-05,7.129100E-05
3.210,5.569700E-05,9.063200E-05
3.211,6.705500E-05,1.127400E-04
3.213,8.103400E-05,1.374800E-04
3.214,9.632400E-05,1.646100E-04
3.216,1.153300E-04,1.938300E-04
3.217,1.345500E-04,2.247800E-04
3.219,1.557300E-04,2.570000E-04
3.220,1.782300E-04,2.900000E-04
3.222,1.935200E-04,3.232300E-04
3.223,2.210400E-04,3.561000E-04
3.225,2.503100E-04,3.880200E-04
3.226,2.697500E-04,4.183800E-04
3.228,2.902800E-04,4.466000E-04
3.229,3.138700E-04,4.721300E-04
3.231,3.464200E-04,4.944700E-04
3.232,3.542800E-04,5.131800E-04
3.234,3.593000E-04,5.278900E-04
3.235,3.776500E-04,5.383200E-04
3.237,3.909700E-04,5.442500E-04
3.238,3.984000E-04,5.455700E-04
3.240,3.990600E-04,5.422800E-04
3.241,4.064800E-04,5.344400E-04
3.243,4.069200E-04,5.222300E-04
3.244,4.010200E-04,5.059200E-04
3.246,3.837700E-04,4.858700E-04
3.247,3.693500E-04,4.624900E-04
3.249,3.529700E-04,4.362800E-04
3.250,3.376800E-04,4.077500E-04
3.252,3.280700E-04,3.774400E-04
3.253,3.047000E-04,3.459100E-04
3.255,2.964000E-04,3.137100E-04
3.256,2.756500E-04,2.813800E-04
3.258,2.514000E-04,2.494500E-04
3.259,2.293400E-04,2.184000E-04
3.261,1.985400E-04,1.886800E-04
3.262,1.808500E-04,1.606900E-04
3.264,1.522400E-04,1.347500E-04
3.265,1.341100E-04,1.111100E-04
3.267,1.168600E-04,8.996300E-05
3.268,9.894500E-05,7.140500E-05
3.270,8.562100E-05,5.547200E-05
3.271,6.923900E-05,4.212900E-05
3.273,6.225000E-05,3.128100E-05
3.274,5.242100E-05,2.277800E-05
3.276,4.499500E-05,1.642700E-05
3.277,3.691300E-05,1.199900E-05
3.279,3.014200E-05,9.244100E-06
3.280,2.686600E-05,7.895600E-06
3.282,2.096800E-05,7.684400E-06
3.283,1.550800E-05,8.345600E-06
3.285,1.354200E-05,9.625900E-06
3.286,1.223200E-05,1.128900E-05
3.288,9.828900E-06,1.312300E-05
3.289,8.081600E-06,1.494200E-05
3.291,6.989500E-06,1.659200E-05
3.292,7.863200E-06,1.795200E-05
3.294,6.771000E-06,1.893700E-05
3.295,6.989500E-06,1.949300E-05
3.297,8.955300E-06,1.959900E-05
3.298,9.173700E-06,1.926400E-05
3.300,1.113900E-05,1.851800E-05
3.301,1.070300E-05,1.741500E-05
3.303,1.179500E-05,1.602100E-05
3.304,1.201300E-05,1.441500E-05
3.306,1.004700E-05,1.268100E-05
3.307,1.026600E-05,1.090500E-05
3.309,7.644700E-06,9.169400E-06
3.310,5.897400E-06,7.548500E-06
3.312,4.805300E-06,6.103300E-06
3.313,3.494700E-06,4.877800E-06
3.315,4.150000E-06,3.896700E-06
3.316,2.839500E-06,3.166000E-06
3.318,2.839500E-06,2.676000E-06
3.319,3.494700E-06,2.407100E-06
3.321,3.057900E-06,2.335400E-06
3.322,3.276300E-06,2.435600E-06
3.324,2.839500E-06,2.682800E-06
3.325,3.713200E-06,3.050300E-06
3.327,4.150000E-06,3.507800E-06
3.328,3.931600E-06,4.020200E-06
3.330,4.368400E-06,4.548600E-06
3.331,4.150000E-06,5.052800E-06
3.333,4.586800E-06,5.495100E-06
3.334,4.805300E-06,5.843400E-06
3.336,4.586800E-06,6.074000E-06
3.337,4.368400E-06,6.172400E-06
3.339,3.713200E-06,6.134000E-06
3.340,3.494700E-06,5.963300E-06
3.342,3.276300E-06,5.673500E-06
3.343,2.184200E-06,5.285000E-06
3.345,2.184200E-06,4.824300E-06
3.346,2.184200E-06,4.322200E-06
3.348,2.402600E-06,3.811200E-06
3.349,2.621100E-06,3.322500E-06
3.351,2.402600E-06,2.882200E-06
3.352,2.402600E-06,2.509000E-06
3.354,2.621100E-06,2.212000E-06
3.355,2.839500E-06,1.991100E-06
3.357,2.839500E-06,1.839200E-06
3.358,3.713200E-06,1.745300E-06
3.360,3.494700E-06,1.698500E-06
3.361,3.494700E-06,1.690200E-06
3.363,3.494700E-06,1.715900E-06
3.364,3.276300E-06,1.774000E-06
3.366,3.494700E-06,1.864600E-06
3.367,2.839500E-06,1.986400E-06
3.369,3.494700E-06,2.135100E-06
3.370,3.713200E-06,2.301800E-06
3.372,3.931600E-06,2.473500E-06
3.373,3.931600E-06,2.634400E-06
3.375,3.713200E-06,2.768500E-06
3.376,3.494700E-06,2.861800E-06
3.378,2.839500E-06,2.904700E-06
3.379,2.621100E-06,2.892700E-06
3.381,2.184200E-06,2.827400E-06
3.382,1.965800E-06,2.715900E-06
3.384,1.747400E-06,2.569800E-06
3.385,1.528900E-06,2.403900E-06
3.387,1.965800E-06,2.234000E-06
3.388,2.184200E-06,2.074300E-06
3.390,1.965800E-06,1.935500E-06
3.391,2.402600E-06,1.823800E-06
3.393,2.402600E-06,1.740300E-06
3.394,2.402600E-06,1.682500E-06
3.396,1.965800E-06,1.645400E-06
3.397,1.747400E-06,1.623400E-06
3.399,1.747400E-06,1.611400E-06
3.400,1.310500E-06,1.605700E-06
3.402,1.310500E-06,1.603700E-06
3.403,1.528900E-06,1.604500E-06
3.405,1.528900E-06,1.607700E-06
3.406,1.528900E-06,1.614000E-06
3.408,1.528900E-06,1.624200E-06
3.409,1.747400E-06,1.639000E-06
3.411,1.747400E-06,1.658400E-06
3.412,1.528900E-06,1.681400E-06
3.414,1.528900E-06,1.705700E-06
3.415,1.528900E-06,1.727900E-06
3.417,1.528900E-06,1.744200E-06
3.418,1.310500E-06,1.751600E-06
3.420,1.310500E-06,1.748600E-06
3.421,1.310500E-06,1.735900E-06
3.423,1.310500E-06,1.716000E-06
3.424,1.965800E-06,1.692200E-06
3.426,1.965800E-06,1.668300E-06
3.427,1.965800E-06,1.647100E-06
3.429,1.965800E-06,1.630200E-06
3.430,2.184200E-06,1.618000E-06
3.432,2.402600E-06,1.610000E-06
3.433,1.747400E-06,1.605100E-06
3.435,1.747400E-06,1.602400E-06
3.436,2.184200E-06,1.601100E-06
3.438,2.402600E-06,1.600400E-06
3.439,2.402600E-06,1.600200E-06
3.441,2.402600E-06,1.600100E-06
3.442,2.402600E-06,1.600000E-06
3.444,2.839500E-06,1.600000E-06
3.445,2.402600E-06,1.600000E-06
3.447,2.402600E-06,1.600000E-06
3.448,2.184200E-06,1.600000E-06
3.450,1.965800E-06,1.600000E-06
3.451,1.965800E-06,1.600000E-06
3.453,1.528900E-06,1.600000E-06
3.454,1.528900E-06,1.600000E-06
3.456,1.310500E-06,1.600000E-06
3.457,1.310500E-06,1.600000E-06
3.459,1.310500E-06,1.600000E-06
3.460,1.310500E-06,1.600000E-06
3.462,1.528900E-06,1.600000E-06
3.463,1.528900E-06,1.600000E-06
3.465,1.528900E-06,1.600000E-06
3.466,1.965800E-06,1.600000E-06
3.468,1.965800E-06,1.600000E-06
3.469,1.965800E-06,1.600000E-06
3.471,1.747400E-06,1.600000E-06
3.472,1.747400E-06,1.600000E-06
3.474,1.747400E-06,1.600000E-06
3.475,1.528900E-06,1.600000E-06
3.477,1.965800E-06,1.600000E-06
3.478,1.965800E-06,1.600000E-06
3.480,1.965800E-06,1.600000E-06
3.481,1.965800E-06,1.600000E-06
3.483,1.965800E-06,1.600000E-06
3.484,1.747400E-06,1.600000E-06
3.486,1.528900E-06,1.600000E-06
3.487,1.528900E-06,1.600000E-06
3.489,1.528900E-06,1.600000E-06
3.490,1.528900E-06,1.600000E-06
3.492,2.184200E-06,1.600000E-06
3.493,2.184200E-06,1.600000E-06
3.495,1.965800E-06,1.600000E-06
3.496,1.965800E-06,1.600000E-06
3.498,1.965800E-06,1.600000E-06
3.499,2.184200E-06,1.600000E-06
3.501,1.528900E-06,1.600000E-06
3.502,1.528900E-06,1.600000E-06
3.504,1.528900E-06,1.600000E-06
3.505,1.528900E-06,1.600000E-06
3.507,1.528900E-06,1.600000E-06
3.508,1.310500E-06,1.600000E-06
3.510,1.310500E-06,1.600000E-06
3.511,1.310500E-06,1.600000E-06
3.513,1.310500E-06,1.600000E-06
3.514,1.310500E-06,1.600000E-06
3.516,1.528900E-06,1.600000E-06
3.517,1.747400E-06,1.600000E-06
3.519,1.747400E-06,1.600000E-06
3.520,1.747400E-06,1.600000E-06
3.522,1.965800E-06,1.600000E-06
3.523,1.965800E-06,1.600000E-06
3.525,1.965800E-06,1.600000E-06
3.526,1.747400E-06,1.600000E-06
3.528,1.747400E-06,1.600000E-06
3.529,1.747400E-06,1.600000E-06
3.531,1.747400E-06,1.600000E-06
3.532,1.747400E-06,1.600000E-06
3.534,1.528900E-06,1.600000E-06
3.535,1.528900E-06,1.600000E-06
3.537,1.528900E-06,1.600000E-06
3.538,1.528900E-06,1.600000E-06
3.540,1.528900E-06,1.600000E-06
3.541,1.747400E-06,1.600000E-06
3.543,1.747400E-06,1.600000E-06
3.544,1.747400E-06,1.600000E-06
3.546,1.747400E-06,1.600000E-06
3.547,1.747400E-06,1.600000E-06
3.549,1.528900E-06,1.600000E-06
3.550,1.310500E-06,1.600000E-06
3.552,1.310500E-06,1.600000E-06
3.553,1.310500E-06,1.600000E-06
3.555,1.310500E-06,1.600000E-06
3.556,1.310500E-06,1.600000E-06
3.558,1.310500E-06,1.600000E-06
3.559,1.747400E-06,1.600000E-06
3.561,1.747400E-06,1.600000E-06
3.562,1.747400E-06,1.600000E-06
3.564,1.747400E-06,1.600000E-06
3.565,1.747400E-06,1.600000E-06
3.567,1.747400E-06,1.600000E-06
3.568,1.310500E-06,1.600000E-06
3.570,1.310500E-06,1.600000E-06
3.571,1.310500E-06,1.600000E-06
3.573,1.310500E-06,1.600000E-06
3.574,1.310500E-06,1.600000E-06
3.576,1.310500E-06,1.600000E-06
3.577,1.528900E-06,1.600000E-06
3.579,1.528900E-06,1.600000E-06
3.580,1.528900E-06,1.600000E-06
3.582,1.528900E-06,1.600000E-06
3.583,1.528900E-06,1.600000E-06
3.585,1.528900E-06,1.600000E-06
3.586,1.310500E-06,1.600000E-06
3.588,1.310500E-06,1.600000E-06
3.589,1.310500E-06,1.600000E-06
3.591,1.310500E-06,1.600000E-06
3.592,1.310500E-06,1.600000E-06
3.594,1.310500E-06,1.600000E-06
3.595,1.310500E-06,1.600000E-06
3.597,1.310500E-06,1.600000E-06
3.598,1.310500E-06,1.600000E-06
3.600,1.310500E-06,1.600000E-06
3.601,1.310500E-06,1.600000E-06
3.603,1.310500E-06,1.600000E-06
3.604,1.310500E-06,1.600000E-06
3.606,1.310500E-06,1.600000E-06
3.607,1.310500E-06,1.600000E-06
3.609,1.528900E-06,1.600000E-06
3.610,1.528900E-06,1.600000E-06
3.612,1.528900E-06,1.600000E-06
3.613,1.528900E-06,1.600000E-06
3.615,1.965800E-06,1.600000E-06
3.616,2.402600E-06,1.600000E-06
3.618,2.184200E-06,1.600000E-06
3.619,2.402600E-06,1.600000E-06
3.621,2.402600E-06,1.600000E-06
3.622,2.402600E-06,1.600000E-06
3.624,1.965800E-06,1.600000E-06
3.625,1.528900E-06,1.600000E-06
3.627,1.747400E-06,1.600000E-06
3.628,1.747400E-06,1.600000E-06
3.630,1.965800E-06,1.600000E-06
3.631,1.965800E-06,1.600000E-06
3.633,1.965800E-06,1.600000E-06
3.634,1.965800E-06,1.600000E-06
3.636,1.747400E-06,1.600000E-06
3.637,1.528900E-06,1.600000E-06
3.639,1.310500E-06,1.600000E-06
3.640,1.528900E-06,1.600000E-06
3.642,1.747400E-06,1.600000E-06
3.643,1.747400E-06,1.600000E-06
3.645,1.747400E-06,1.600000E-06
3.646,1.747400E-06,1.600000E-06
3.648,1.747400E-06,1.600000E-06
3.649,1.747400E-06,1.600000E-06
3.651,1.747400E-06,1.600000E-06
3.652,1.747400E-06,1.600000E-06
3.654,1.965800E-06,1.600000E-06
3.655,1.965800E-06,1.600000E-06
3.657,1.965800E-06,1.600000E-06
3.658,1.747400E-06,1.600000E-06
3.660,1.528900E-06,1.600000E-06
3.661,1.965800E-06,1.600000E-06
3.663,1.965800E-06,1.600000E-06
3.664,1.965800E-06,1.600000E-06
3.666,1.965800E-06,1.600000E-06
3.667,1.965800E-06,1.600000E-06
3.669,1.965800E-06,1.600000E-06
3.670,1.528900E-06,1.600000E-06
3.672,1.310500E-06,1.600000E-06
3.673,1.310500E-06,1.600000E-06
3.675,1.310500E-06,1.600000E-06
3.676,1.310500E-06,1.600000E-06
3.678,1.310500E-06,1.600000E-06
3.679,1.528900E-06,1.600000E-06
3.681,1.528900E-06,1.600000E-06
3.682,1.528900E-06,1.600000E-06
3.684,1.528900E-06,1.600000E-06
3.685,1.965800E-06,1.600000E-06
3.687,1.965800E-06,1.600000E-06
3.688,1.747400E-06,1.600000E-06
3.690,1.747400E-06,1.600000E-06
3.691,1.747400E-06,1.600000E-06
3.693,1.747400E-06,1.600000E-06
3.694,1.528900E-06,1.600000E-06
3.696,1.528900E-06,1.600000E-06
3.697,1.528900E-06,1.600000E-06
3.699,1.528900E-06,1.600000E-06
3.700,1.528900E-06,1.600000E-06
3.702,1.528900E-06,1.600000E-06
3.703,1.747400E-06,1.600000E-06
3.705,1.747400E-06,1.600000E-06
3.706,1.747400E-06,1.600000E-06
3.708,1.747400E-06,1.600000E-06
3.709,1.747400E-06,1.600000E-06
3.711,1.747400E-06,1.600000E-06
3.712,1.310500E-06,1.600000E-06
3.714,1.310500E-06,1.600000E-06
3.715,1.310500E-06,1.600000E-06
3.717,1.310500E-06,1.600000E-06
3.718,1.310500E-06,1.600000E-06
3.720,1.310500E-06,1.600000E-06
3.721,1.310500E-06,1.600000E-06
3.723,1.310500E-06,1.600000E-06
3.724,1.528900E-06,1.600000E-06
3.726,1.528900E-06,1.600000E-06
3.727,1.528900E-06,1.600000E-06
3.729,1.528900E-06,1.600000E-06
3.730,1.528900E-06,1.600000E-06
3.732,1.528900E-06,1.600000E-06
3.733,1.310500E-06,1.600000E-06
3.735,1.310500E-06,1.600000E-06
3.736,1.310500E-06,1.600000E-06
3.738,1.310500E-06,1.600000E-06
3.739,1.310500E-06,1.600000E-06
3.741,1.310500E-06,1.600000E-06
3.742,1.310500E-06,1.600000E-06
3.744,1.310500E-06,1.600000E-06
3.745,1.310500E-06,1.600000E-06
3.747,1.528900E-06,1.600000E-06
3.748,1.528900E-06,1.600000E-06
3.750,1.528900E-06,1.600000E-06
3.751,1.528900E-06,1.600000E-06
3.753,1.528900E-06,1.600000E-06
3.754,1.528900E-06,1.600000E-06
3.756,1.310500E-06,1.600000E-06
3.757,1.528900E-06,1.600000E-06
3.759,1.528900E-06,1.600000E-06
3.760,1.528900E-06,1.600000E-06
3.762,1.528900E-06,1.600000E-06
3.763,1.528900E-06,1.600000E-06
3.765,1.528900E-06,1.600000E-06
3.766,1.310500E-06,1.600000E-06
3.768,1.310500E-06,1.600000E-06
3.769,1.310500E-06,1.600000E-06
3.771,1.310500E-06,1.600000E-06
3.772,1.310500E-06,1.600000E-06
3.774,1.528900E-06,1.600000E-06
3.775,1.528900E-06,1.600000E-06
3.777,1.528900E-06,1.600000E-06
3.778,1.528900E-06,1.600000E-06
3.780,1.528900E-06,1.600000E-06
3.781,1.528900E-06,1.600000E-06
3.783,1.528900E-06,1.600000E-06
3.784,1.965800E-06,1.600000E-06
3.786,2.184200E-06,1.600000E-06
3.787,2.402600E-06,1.600000E-06
3.789,2.402600E-06,1.600000E-06
3.790,2.402600E-06,1.600000E-06
3.792,2.839500E-06,1.600000E-06
3.793,2.402600E-06,1.600000E-06
3.795,2.184200E-06,1.600000E-06
3.796,1.965800E-06,1.600000E-06
3.798,1.965800E-06,1.600000E-06
3.799,1.965800E-06,1.600000E-06
3.801,1.310500E-06,1.600000E-06
3.802,1.310500E-06,1.600000E-06
3.804,1.310500E-06,1.600000E-06
3.805,1.310500E-06,1.600000E-06
3.807,1.310500E-06,1.600000E-06
3.808,1.310500E-06,1.600000E-06
3.810,1.310500E-06,1.600000E-06
3.811,1.310500E-06,1.600000E-06
3.813,1.310500E-06,1.600000E-06
3.814,1.310500E-06,1.600000E-06
3.816,1.528900E-06,1.600000E-06
3.817,1.528900E-06,1.600000E-06
3.819,1.528900E-06,1.600000E-06
3.820,1.528900E-06,1.600000E-06
3.822,1.528900E-06,1.600000E-06
3.823,1.528900E-06,1.600000E-06
3.825,1.310500E-06,1.600000E-06
3.826,1.310500E-06,1.600000E-06
3.828,1.310500E-06,1.600000E-06
3.829,1.310500E-06,1.600000E-06
3.831,1.310500E-06,1.600000E-06
3.832,1.528900E-06,1.600000E-06
3.834,1.965800E-06,1.600000E-06
3.835,1.965800E-06,1.600000E-06
3.837,1.965800E-06,1.600000E-06
3.838,1.965800E-06,1.600000E-06
3.840,1.965800E-06,1.600000E-06
3.841,2.184200E-06,1.600000E-06
3.843,1.747400E-06,1.600000E-06
3.844,1.747400E-06,1.600000E-06
3.846,1.747400E-06,1.600000E-06
3.847,1.747400E-06,1.600000E-06
3.849,1.747400E-06,1.600000E-06
3.850,1.747400E-06,1.600000E-06
3.852,1.965800E-06,1.600000E-06
3.853,1.965800E-06,1.600000E-06
3.855,1.965800E-06,1.600000E-06
3.856,1.965800E-06,1.600000E-06
3.858,2.184200E-06,1.600000E-06
3.859,1.747400E-06,1.600000E-06
3.861,1.528900E-06,1.600000E-06
3.862,1.747400E-06,1.600000E-06
3.864,1.965800E-06,1.600000E-06
3.865,1.965800E-06,1.600000E-06
3.867,1.965800E-06,1.600000E-06
3.868,1.965800E-06,1.600000E-06
3.870,1.965800E-06,1.600000E-06
3.871,1.747400E-06,1.600000E-06
3.873,1.528900E-06,1.600000E-06
3.874,1.528900E-06,1.600000E-06
3.876,1.747400E-06,1.600000E-06
3.877,1.965800E-06,1.600000E-06
3.879,1.965800E-06,1.600000E-06
3.880,1.965800E-06,1.600000E-06
3.882,1.965800E-06,1.600000E-06
3.883,2.184200E-06,1.600000E-06
3.885,1.747400E-06,1.600000E-06
3.886,1.528900E-06,1.600000E-06
3.888,1.528900E-06,1.600000E-06
3.889,1.528900E-06,1.600000E-06
3.891,1.965800E-06,1.600000E-06
3.892,1.747400E-06,1.600000E-06
3.894,1.747400E-06,1.600000E-06
3.895,1.747400E-06,1.600000E-06
3.897,1.747400E-06,1.600000E-06
3.898,2.402600E-06,1.600000E-06
3.900,2.402600E-06,1.600000E-06
3.901,2.402600E-06,1.600000E-06
3.903,2.402600E-06,1.600000E-06
3.904,2.621100E-06,1.600000E-06
3.906,2.621100E-06,1.600000E-06
3.907,1.965800E-06,1.600000E-06
3.909,1.528900E-06,1.600000E-06
3.910,1.528900E-06,1.600000E-06
3.912,1.747400E-06,1.600000E-06
3.913,1.528900E-06,1.600000E-06
3.915,1.528900E-06,1.600000E-06
3.916,1.528900E-06,1.600000E-06
3.918,1.528900E-06,1.600000E-06
3.919,2.402600E-06,1.600100E-06
3.921,2.184200E-06,1.600200E-06
3.922,2.184200E-06,1.600500E-06
3.924,2.184200E-06,1.601300E-06
3.925,2.184200E-06,1.603100E-06
3.927,2.402600E-06,1.606800E-06
3.928,1.528900E-06,1.614000E-06
3.930,2.184200E-06,1.626600E-06
3.931,2.184200E-06,1.647100E-06
3.933,2.402600E-06,1.677900E-06
3.934,3.057900E-06,1.720500E-06
3.936,3.057900E-06,1.774400E-06
3.937,3.276300E-06,1.836900E-06
3.939,3.276300E-06,1.902500E-06
3.940,3.494700E-06,1.963600E-06
3.942,3.276300E-06,2.012200E-06
3.943,2.621100E-06,2.040900E-06
3.945,2.402600E-06,2.045300E-06
3.946,2.402600E-06,2.024700E-06
3.948,1.747400E-06,1.982300E-06
3.949,1.747400E-06,1.924500E-06
3.951,1.747400E-06,1.859400E-06
3.952,2.621100E-06,1.794900E-06
3.954,2.621100E-06,1.737600E-06
3.955,2.621100E-06,1.691200E-06
3.957,2.621100E-06,1.657200E-06
3.958,2.621100E-06,1.635400E-06
3.960,2.839500E-06,1.624700E-06
3.961,3.057900E-06,1.625500E-06
3.963,3.057900E-06,1.639700E-06
3.964,2.839500E-06,1.672400E-06
3.966,3.057900E-06,1.731800E-06
3.967,3.057900E-06,1.828400E-06
3.969,3.494700E-06,1.973500E-06
3.970,2.402600E-06,2.176600E-06
3.972,2.621100E-06,2.442300E-06
3.973,2.621100E-06,2.768400E-06
3.975,2.839500E-06,3.144400E-06
3.976,3.494700E-06,3.552300E-06
3.978,3.494700E-06,3.968000E-06
3.979,3.931600E-06,4.364500E-06
3.981,4.368400E-06,4.714600E-06
3.982,4.805300E-06,4.993500E-06
3.984,5.460500E-06,5.180600E-06
3.985,5.897400E-06,5.261200E-06
3.987,6.334200E-06,5.227300E-06
3.988,6.989500E-06,5.079300E-06
3.990,7.644700E-06,4.826100E-06
3.991,8.736800E-06,4.485600E-06
3.993,8.300000E-06,4.084300E-06
3.994,7.426300E-06,3.655500E-06
3.996,6.771000E-06,3.236400E-06
3.997,6.334200E-06,2.866200E-06
3.999,5.023700E-06,2.584200E-06
4.000,4.368400E-06,3.943500E-06
4.002,3.713200E-06,3.537300E-06
4.003,3.494700E-06,3.137000E-06
4.005,3.057900E-06,2.757900E-06
4.006,2.621100E-06,2.413300E-06
4.008,3.494700E-06,2.187400E-06
4.009,3.931600E-06,2.185800E-06
4.011,4.150000E-06,2.458200E-06
4.012,5.242100E-06,3.078600E-06
4.014,6.115800E-06,4.104200E-06
4.015,8.081600E-06,5.548800E-06
4.017,1.026600E-05,7.432000E-06
4.018,1.223200E-05,9.822500E-06
4.020,1.419700E-05,1.276100E-05
4.021,1.463400E-05,1.630000E-05
4.023,1.725500E-05,2.045400E-05
4.024,1.878400E-05,2.519800E-05
4.026,2.140500E-05,3.045400E-05
4.027,2.206100E-05,3.618100E-05
4.029,2.708400E-05,4.230200E-05
4.030,3.451100E-05,4.872300E-05
4.032,3.822400E-05,5.536100E-05
4.033,4.171800E-05,6.212700E-05
4.035,4.346600E-05,6.887600E-05
4.036,4.608700E-05,7.551700E-05
4.038,4.848900E-05,8.191900E-05
4.039,4.674200E-05,8.798000E-05
4.041,4.761600E-05,9.356900E-05
4.042,4.827100E-05,9.857300E-05
4.044,4.936300E-05,1.028900E-04
4.045,5.045500E-05,1.064500E-04
4.047,5.111000E-05,1.091700E-04
4.048,5.700800E-05,1.109900E-04
4.050,5.875500E-05,1.118800E-04
4.051,6.225000E-05,1.118400E-04
4.053,6.050300E-05,1.108500E-04
4.054,6.356000E-05,1.089400E-04
4.056,5.897400E-05,1.061400E-04
4.057,5.242100E-05,1.025100E-04
4.059,4.980000E-05,9.814700E-05
4.060,4.543200E-05,9.312100E-05
4.062,4.608700E-05,8.753200E-05
4.063,3.997100E-05,8.147300E-05
4.065,3.866000E-05,7.507900E-05
4.066,3.538400E-05,6.846300E-05
4.068,3.298200E-05,6.174900E-05
4.069,2.861300E-05,5.505600E-05
4.071,2.511800E-05,4.848800E-05
4.072,2.293400E-05,4.213200E-05
4.074,2.075000E-05,3.609000E-05
4.075,1.856600E-05,3.042600E-05
4.077,1.507100E-05,2.521400E-05
4.078,1.419700E-05,2.050500E-05
4.080,1.092100E-05,1.637300E-05
4.081,8.736800E-06,1.286100E-05
4.083,7.644700E-06,9.934500E-06
4.084,6.771000E-06,7.549700E-06
4.086,5.678900E-06,5.651300E-06
4.087,4.368400E-06,4.194100E-06
4.089,4.586800E-06,3.134200E-06
4.090,4.586800E-06,2.446300E-06
4.092,3.494700E-06,2.091400E-06
4.093,3.057900E-06,2.011500E-06
4.095,2.839500E-06,2.147500E-06
4.096,2.402600E-06,2.416400E-06
4.098,2.402600E-06,2.717800E-06
4.099,2.402600E-06,3.040400E-06
