# fit,CoC5-expert,stored_as,author-fit-P2-05-Manual-2026-09-18.xrcx,min_limit,1.000E-06
two_theta_deg,measured_reflectivity,fitted_reflectivity
0.482,6.591800E-01,7.120800E-01
0.486,6.534700E-01,7.013400E-01
0.488,6.472000E-01,6.956500E-01
0.491,6.406900E-01,6.835900E-01
0.495,6.349200E-01,6.705400E-01
0.498,6.296300E-01,6.563400E-01
0.501,6.240900E-01,6.409700E-01
0.503,6.177400E-01,6.242900E-01
0.507,6.102400E-01,6.062200E-01
0.510,6.013900E-01,5.868200E-01
0.512,5.908800E-01,5.661400E-01
0.516,5.791600E-01,5.460800E-01
0.518,5.667300E-01,5.175100E-01
0.521,5.539200E-01,4.904000E-01
0.525,5.403900E-01,4.634500E-01
0.527,5.258400E-01,4.369800E-01
0.530,5.098300E-01,4.113700E-01
0.534,4.923100E-01,3.868800E-01
0.536,4.737200E-01,3.636400E-01
0.539,4.540500E-01,3.417100E-01
0.543,4.337900E-01,3.212100E-01
0.545,4.138000E-01,3.023100E-01
0.549,3.942000E-01,2.851400E-01
0.552,3.749800E-01,2.697800E-01
0.554,3.562700E-01,2.561500E-01
0.558,3.378800E-01,2.383300E-01
0.561,3.200400E-01,2.276200E-01
0.563,3.025200E-01,2.174100E-01
0.567,2.859400E-01,2.074300E-01
0.570,2.704700E-01,1.975800E-01
0.572,2.558600E-01,1.879000E-01
0.576,2.424700E-01,1.740900E-01
0.578,2.299500E-01,1.657000E-01
0.581,2.183600E-01,1.588700E-01
0.585,2.070700E-01,1.520000E-01
0.587,1.963500E-01,1.459000E-01
0.590,1.861600E-01,1.404300E-01
0.594,1.767300E-01,1.354400E-01
0.596,1.682800E-01,1.307400E-01
0.600,1.606200E-01,1.261700E-01
0.603,1.539600E-01,1.215800E-01
0.605,1.479500E-01,1.169100E-01
0.609,1.425900E-01,1.121200E-01
0.612,1.376700E-01,1.072800E-01
0.614,1.326800E-01,1.025000E-01
0.618,1.276600E-01,9.788800E-02
0.621,1.227600E-01,9.359000E-02
0.623,1.178600E-01,8.971200E-02
0.627,1.129900E-01,8.633000E-02
0.629,1.080300E-01,8.346800E-02
0.632,1.033500E-01,8.109700E-02
0.636,9.898100E-02,7.913700E-02
0.638,9.489300E-02,7.746600E-02
0.641,9.124900E-02,7.594200E-02
0.645,8.823500E-02,7.442500E-02
0.647,8.572500E-02,7.279500E-02
0.650,8.364500E-02,7.096800E-02
0.654,8.193100E-02,6.889700E-02
0.656,8.031600E-02,6.657800E-02
0.660,7.871200E-02,6.404700E-02
0.663,7.673500E-02,6.137100E-02
0.665,7.458800E-02,5.864400E-02
0.669,7.218300E-02,5.597600E-02
0.672,6.941400E-02,5.347900E-02
0.674,6.653400E-02,5.125300E-02
0.678,6.357300E-02,4.937400E-02
0.680,6.063200E-02,4.787500E-02
0.683,5.801000E-02,4.675300E-02
0.687,5.555800E-02,4.597000E-02
0.689,5.351400E-02,4.545500E-02
0.692,5.189000E-02,4.512300E-02
0.696,5.066400E-02,4.487300E-02
0.698,4.989200E-02,4.460400E-02
0.701,4.929300E-02,4.422500E-02
0.705,4.899400E-02,4.366000E-02
0.707,4.870500E-02,4.286000E-02
0.711,4.841000E-02,4.180300E-02
0.714,4.799100E-02,4.050200E-02
0.716,4.727800E-02,3.899600E-02
0.720,4.630100E-02,3.734300E-02
0.723,4.489000E-02,3.562100E-02
0.725,4.327700E-02,3.391300E-02
0.729,4.139200E-02,3.230600E-02
0.732,3.935200E-02,3.087800E-02
0.734,3.724600E-02,2.969200E-02
0.738,3.519700E-02,2.878600E-02
0.740,3.341800E-02,2.817000E-02
0.743,3.191600E-02,2.782800E-02
0.747,3.072200E-02,2.772300E-02
0.749,2.989300E-02,2.779800E-02
0.752,2.943800E-02,2.798600E-02
0.756,2.930700E-02,2.821000E-02
0.758,2.942500E-02,2.839700E-02
0.762,2.964600E-02,2.847900E-02
0.765,2.998500E-02,2.840400E-02
0.767,3.024900E-02,2.813400E-02
0.771,3.038300E-02,2.764700E-02
0.774,3.035400E-02,2.694600E-02
0.776,3.000600E-02,2.604800E-02
0.780,2.950600E-02,2.499300E-02
0.783,2.861300E-02,2.383100E-02
0.785,2.751800E-02,2.262300E-02
0.789,2.619200E-02,2.143200E-02
0.791,2.474700E-02,2.032000E-02
0.794,2.327700E-02,1.934100E-02
0.798,2.175400E-02,1.853900E-02
0.800,2.043000E-02,1.794200E-02
0.803,1.929700E-02,1.756500E-02
0.807,1.841000E-02,1.740100E-02
0.809,1.774200E-02,1.743100E-02
0.813,1.736900E-02,1.761700E-02
0.816,1.723200E-02,1.791300E-02
0.818,1.732200E-02,1.826500E-02
0.822,1.752600E-02,1.861900E-02
0.825,1.789600E-02,1.892200E-02
0.827,1.833400E-02,1.912800E-02
0.831,1.874900E-02,1.919600E-02
0.834,1.909800E-02,1.910000E-02
0.836,1.934500E-02,1.882600E-02
0.840,1.939600E-02,1.837500E-02
0.842,1.924000E-02,1.776200E-02
0.845,1.892100E-02,1.701700E-02
0.849,1.835900E-02,1.617700E-02
0.851,1.762200E-02,1.528500E-02
0.854,1.671200E-02,1.439000E-02
0.858,1.578300E-02,1.353700E-02
0.860,1.480400E-02,1.277200E-02
0.863,1.377200E-02,1.213100E-02
0.867,1.284400E-02,1.164200E-02
0.869,1.203700E-02,1.132400E-02
0.873,1.138900E-02,1.117700E-02
0.876,1.090300E-02,1.119600E-02
0.878,1.061300E-02,1.135900E-02
0.882,1.053300E-02,1.163700E-02
0.885,1.067300E-02,1.199300E-02
0.887,1.091900E-02,1.238600E-02
0.891,1.125500E-02,1.277300E-02
0.893,1.172800E-02,1.311300E-02
0.896,1.216100E-02,1.337000E-02
0.900,1.260300E-02,1.351500E-02
0.902,1.290800E-02,1.352900E-02
0.905,1.315100E-02,1.339900E-02
0.909,1.323500E-02,1.312600E-02
0.911,1.313300E-02,1.271700E-02
0.914,1.292600E-02,1.219300E-02
0.918,1.246400E-02,1.157900E-02
0.920,1.187600E-02,1.090800E-02
0.924,1.118900E-02,1.021500E-02
0.927,1.043700E-02,9.536300E-03
0.929,9.641900E-03,8.906000E-03
0.933,8.845000E-03,8.356400E-03
0.936,8.130000E-03,7.913900E-03
0.938,7.530800E-03,7.598200E-03
0.942,7.016100E-03,7.419800E-03
0.945,6.657000E-03,7.379600E-03
0.947,6.440200E-03,7.469100E-03
0.951,6.400700E-03,7.671900E-03
0.953,6.491000E-03,7.964900E-03
0.956,6.713300E-03,8.319600E-03
0.960,7.059400E-03,8.703700E-03
0.962,7.462900E-03,9.082900E-03
0.965,7.932300E-03,9.423900E-03
0.969,8.344300E-03,9.697200E-03
0.971,8.716300E-03,9.879100E-03
0.975,9.029900E-03,9.952500E-03
0.978,9.232200E-03,9.908100E-03
0.980,9.288300E-03,9.743900E-03
0.984,9.203500E-03,9.465200E-03
0.987,9.030700E-03,9.083700E-03
0.989,8.738300E-03,8.617200E-03
0.993,8.287600E-03,8.089300E-03
0.996,7.755700E-03,7.528300E-03
0.998,7.187900E-03,6.965800E-03
1.002,6.571700E-03,6.432800E-03
1.005,5.932300E-03,5.957500E-03
1.008,5.347300E-03,5.562500E-03
1.010,4.858700E-03,5.264800E-03
1.013,4.438700E-03,5.075800E-03
1.016,4.156500E-03,5.000900E-03
1.020,3.978100E-03,5.039000E-03
1.023,3.947600E-03,5.182200E-03
1.026,4.040500E-03,5.415300E-03
1.028,4.231100E-03,5.717500E-03
1.031,4.533500E-03,6.063700E-03
1.035,4.872100E-03,6.426500E-03
1.038,5.258400E-03,6.778400E-03
1.041,5.664400E-03,7.093100E-03
1.043,6.046700E-03,7.347400E-03
1.046,6.378900E-03,7.522800E-03
1.049,6.620800E-03,7.605600E-03
1.053,6.774400E-03,7.588500E-03
1.056,6.871200E-03,7.470100E-03
1.059,6.830500E-03,7.255300E-03
1.061,6.699500E-03,6.954100E-03
1.064,6.454400E-03,6.581300E-03
1.067,6.146900E-03,6.155400E-03
1.071,5.754200E-03,5.697400E-03
1.074,5.267700E-03,5.229900E-03
1.077,4.759100E-03,4.776800E-03
1.079,4.249300E-03,4.361700E-03
1.082,3.778900E-03,4.006800E-03
1.086,3.345400E-03,3.730700E-03
1.089,3.001400E-03,3.546400E-03
1.092,2.765700E-03,3.460700E-03
1.094,2.632000E-03,3.473900E-03
1.097,2.596400E-03,3.580400E-03
1.100,2.670100E-03,3.769500E-03
1.104,2.854900E-03,4.026200E-03
1.107,3.114000E-03,4.332000E-03
1.110,3.392400E-03,4.665500E-03
1.112,3.748400E-03,5.004000E-03
1.115,4.113400E-03,5.325000E-03
1.118,4.457200E-03,5.607200E-03
1.122,4.755500E-03,5.832300E-03
1.125,5.039000E-03,5.985400E-03
1.128,5.262000E-03,6.055500E-03
1.130,5.371800E-03,6.036600E-03
1.133,5.404800E-03,5.927400E-03
1.137,5.360300E-03,5.732300E-03
1.140,5.216500E-03,5.460700E-03
1.143,4.971200E-03,5.126700E-03
1.145,4.667100E-03,4.748200E-03
1.148,4.301600E-03,4.345300E-03
1.151,3.889300E-03,3.938900E-03
1.155,3.452000E-03,3.549700E-03
1.158,3.037400E-03,3.197100E-03
1.161,2.650400E-03,2.898900E-03
1.163,2.310100E-03,2.669800E-03
1.166,2.045600E-03,2.520700E-03
1.169,1.870400E-03,2.457900E-03
1.173,1.783900E-03,2.482200E-03
1.176,1.792700E-03,2.589700E-03
1.179,1.865000E-03,2.771700E-03
1.181,2.033600E-03,3.015500E-03
1.184,2.265600E-03,3.305300E-03
1.188,2.544600E-03,3.623000E-03
1.191,2.879400E-03,3.948500E-03
1.194,3.195000E-03,4.261500E-03
1.196,3.532100E-03,4.542300E-03
1.199,3.838000E-03,4.773300E-03
1.202,4.105500E-03,4.940200E-03
1.206,4.311500E-03,5.032900E-03
1.209,4.440400E-03,5.045200E-03
1.212,4.492900E-03,4.975700E-03
1.214,4.459300E-03,4.827200E-03
1.217,4.341200E-03,4.607000E-03
1.220,4.134700E-03,4.326100E-03
1.224,3.885000E-03,3.999000E-03
1.227,3.559900E-03,3.642300E-03
1.230,3.214400E-03,3.274200E-03
1.232,2.845200E-03,2.913500E-03
1.235,2.474300E-03,2.578800E-03
1.238,2.139700E-03,2.287300E-03
1.242,1.819400E-03,2.054100E-03
1.245,1.561600E-03,1.890600E-03
1.247,1.366000E-03,1.804200E-03
1.250,1.238900E-03,1.797800E-03
1.253,1.213600E-03,1.870300E-03
1.257,1.253200E-03,2.016500E-03
1.260,1.382400E-03,2.227800E-03
1.263,1.580000E-03,2.491600E-03
1.265,1.846300E-03,2.792300E-03
1.268,2.156700E-03,3.111600E-03
1.271,2.483200E-03,3.429900E-03
1.275,2.817300E-03,3.728500E-03
1.278,3.115500E-03,3.990400E-03
1.281,3.402400E-03,4.201200E-03
1.283,3.648000E-03,4.349700E-03
1.286,3.814600E-03,4.427600E-03
1.289,3.943200E-03,4.430000E-03
1.293,3.989200E-03,4.355500E-03
1.296,3.949400E-03,4.206900E-03
1.298,3.818600E-03,3.991300E-03
1.301,3.639100E-03,3.719600E-03
1.304,3.419100E-03,3.405600E-03
1.308,3.090500E-03,3.065600E-03
1.311,2.754700E-03,2.717100E-03
1.314,2.418200E-03,2.378000E-03
1.316,2.081900E-03,2.065600E-03
1.319,1.748600E-03,1.795700E-03
1.322,1.455700E-03,1.582200E-03
1.326,1.228100E-03,1.436000E-03
1.329,1.058700E-03,1.364100E-03
1.332,9.634900E-04,1.370000E-03
1.334,9.535600E-04,1.452800E-03
1.337,1.008300E-03,1.607400E-03
1.340,1.127300E-03,1.825500E-03
1.344,1.310900E-03,2.095300E-03
1.347,1.535700E-03,2.402100E-03
1.349,1.815600E-03,2.729100E-03
1.352,2.123300E-03,3.057800E-03
1.355,2.438200E-03,3.369800E-03
1.359,2.736100E-03,3.647900E-03
1.362,3.044600E-03,3.877400E-03
1.365,3.310500E-03,4.046100E-03
1.367,3.496500E-03,4.144800E-03
1.370,3.634700E-03,4.167700E-03
1.373,3.690900E-03,4.112500E-03
1.377,3.680900E-03,3.981500E-03
1.380,3.578400E-03,3.780900E-03
1.383,3.405300E-03,3.520600E-03
1.385,3.194700E-03,3.214000E-03
1.388,2.919400E-03,2.876800E-03
1.391,2.618200E-03,2.526300E-03
1.395,2.293700E-03,2.180400E-03
1.398,1.971800E-03,1.856900E-03
1.401,1.673500E-03,1.572500E-03
1.403,1.379900E-03,1.341700E-03
1.406,1.133100E-03,1.176600E-03
1.410,9.496900E-04,1.086200E-03
1.413,8.310300E-04,1.075500E-03
1.416,7.823300E-04,1.145800E-03
1.418,8.157200E-04,1.294100E-03
1.421,9.303800E-04,1.513200E-03
1.424,1.113200E-03,1.792200E-03
1.428,1.334800E-03,2.116800E-03
1.431,1.645400E-03,2.470500E-03
1.434,1.968100E-03,2.834900E-03
1.436,2.318100E-03,3.191500E-03
1.439,2.652900E-03,3.521800E-03
1.442,2.975100E-03,3.808900E-03
1.446,3.291400E-03,4.038000E-03
1.449,3.526000E-03,4.197000E-03
1.452,3.721000E-03,4.277500E-03
1.454,3.818400E-03,4.274900E-03
1.457,3.862500E-03,4.188800E-03
1.461,3.805500E-03,4.023100E-03
1.464,3.675100E-03,3.785400E-03
1.467,3.466800E-03,3.487000E-03
1.469,3.202600E-03,3.142300E-03
1.472,2.899700E-03,2.768400E-03
1.475,2.550200E-03,2.384300E-03
1.479,2.213400E-03,2.010000E-03
1.482,1.858000E-03,1.665500E-03
1.485,1.538400E-03,1.369800E-03
1.487,1.243900E-03,1.139200E-03
1.490,1.012500E-03,9.871800E-04
1.493,8.651100E-04,9.227500E-04
1.497,7.804000E-04,9.506700E-04
1.500,7.850900E-04,1.071100E-03
1.503,8.791900E-04,1.279800E-03
1.505,1.066300E-03,1.568200E-03
1.508,1.332400E-03,1.924000E-03
1.512,1.670200E-03,2.331700E-03
1.515,2.075400E-03,2.772600E-03
1.518,2.518200E-03,3.225500E-03
1.520,2.962200E-03,3.667800E-03
1.523,3.390200E-03,4.077000E-03
1.526,3.818900E-03,4.432500E-03
1.530,4.206500E-03,4.716800E-03
1.533,4.523400E-03,4.915900E-03
1.536,4.747100E-03,5.019600E-03
1.538,4.903100E-03,5.021600E-03
1.541,4.966200E-03,4.920400E-03
1.544,4.894300E-03,4.719500E-03
1.548,4.724600E-03,4.428000E-03
1.551,4.465200E-03,4.060000E-03
1.554,4.137400E-03,3.633800E-03
1.556,3.730500E-03,3.171000E-03
1.559,3.285900E-03,2.695900E-03
1.563,2.829300E-03,2.233400E-03
1.566,2.363700E-03,1.808600E-03
1.569,1.928200E-03,1.445100E-03
1.571,1.545300E-03,1.164200E-03
1.574,1.243900E-03,9.835000E-04
1.577,1.034700E-03,9.161800E-04
1.581,9.381000E-04,9.703700E-04
1.584,9.680400E-04,1.148700E-03
1.587,1.109700E-03,1.448300E-03
1.589,1.403600E-03,1.860900E-03
1.592,1.806300E-03,2.372900E-03
1.595,2.339300E-03,2.965900E-03
1.599,2.943500E-03,3.615900E-03
1.602,3.624100E-03,4.294600E-03
1.605,4.366400E-03,4.970600E-03
1.607,5.107300E-03,5.611800E-03
1.610,5.834600E-03,6.187700E-03
1.613,6.499800E-03,6.671500E-03
1.617,7.092000E-03,7.040500E-03
1.620,7.553500E-03,7.276500E-03
1.622,7.910300E-03,7.366200E-03
1.625,8.120500E-03,7.302100E-03
1.628,8.183400E-03,7.084000E-03
1.632,8.058700E-03,6.719800E-03
1.635,7.808600E-03,6.225400E-03
1.638,7.419700E-03,5.624200E-03
1.640,6.872300E-03,4.946400E-03
1.643,6.234900E-03,4.226800E-03
1.646,5.523100E-03,3.503600E-03
1.650,4.773200E-03,2.816400E-03
1.653,4.023700E-03,2.205900E-03
1.656,3.336700E-03,1.711800E-03
1.658,2.737900E-03,1.372100E-03
1.661,2.252500E-03,1.220000E-03
1.664,1.943100E-03,1.281500E-03
1.668,1.869700E-03,1.573300E-03
1.671,2.012800E-03,2.101500E-03
1.673,2.388400E-03,2.861600E-03
1.676,2.991600E-03,3.838700E-03
1.679,3.813000E-03,5.008400E-03
1.683,4.854800E-03,6.336600E-03
1.686,6.046400E-03,7.780300E-03
1.689,7.384200E-03,9.287700E-03
1.691,8.797400E-03,1.080100E-02
1.694,1.026000E-02,1.225800E-02
1.697,1.173300E-02,1.359600E-02
1.701,1.308800E-02,1.475600E-02
1.704,1.425900E-02,1.568200E-02
1.707,1.525400E-02,1.632800E-02
1.709,1.597400E-02,1.665500E-02
1.712,1.638300E-02,1.664000E-02
1.715,1.646000E-02,1.627100E-02
1.719,1.617500E-02,1.555400E-02
1.722,1.561000E-02,1.450900E-02
1.724,1.473300E-02,1.317800E-02
1.727,1.361900E-02,1.161800E-02
1.730,1.229600E-02,9.906700E-03
1.734,1.084300E-02,8.140800E-03
1.737,9.414300E-03,6.433400E-03
1.740,8.097400E-03,4.911800E-03
1.742,6.960100E-03,3.714500E-03
1.745,6.209100E-03,2.986700E-03
1.748,6.003400E-03,2.876900E-03
1.752,6.500100E-03,3.530300E-03
1.755,7.841900E-03,5.083100E-03
1.758,1.016000E-02,7.655800E-03
1.760,1.358900E-02,1.134800E-02
1.763,1.820400E-02,1.623200E-02
1.766,2.412600E-02,2.234600E-02
1.770,3.130900E-02,2.968500E-02
1.773,3.971700E-02,3.819800E-02
1.776,4.920900E-02,4.779500E-02
1.778,5.972800E-02,5.835900E-02
1.781,7.112900E-02,6.975300E-02
1.785,8.312200E-02,8.181100E-02
1.788,9.561600E-02,9.433500E-02
1.791,1.084700E-01,1.070900E-01
1.793,1.214000E-01,1.198300E-01
1.796,1.340800E-01,1.322900E-01
1.799,1.465700E-01,1.442500E-01
1.803,1.585800E-01,1.555400E-01
1.806,1.696600E-01,1.660200E-01
1.809,1.799000E-01,1.755800E-01
1.811,1.892200E-01,1.841200E-01
1.814,1.975200E-01,1.915700E-01
1.817,2.045200E-01,1.978300E-01
1.821,2.101400E-01,2.028600E-01
1.824,2.147900E-01,2.066100E-01
1.827,2.179300E-01,2.090700E-01
1.829,2.199800E-01,2.102600E-01
1.832,2.208000E-01,2.101900E-01
1.836,2.202100E-01,2.089000E-01
1.839,2.185500E-01,2.064200E-01
1.842,2.156800E-01,2.028100E-01
1.844,2.118500E-01,1.981100E-01
1.847,2.067100E-01,1.924200E-01
1.850,2.006100E-01,1.858300E-01
1.854,1.937000E-01,1.784300E-01
1.857,1.860800E-01,1.703200E-01
1.860,1.776100E-01,1.615900E-01
1.862,1.684200E-01,1.523100E-01
1.865,1.586500E-01,1.425600E-01
1.868,1.482900E-01,1.324500E-01
1.872,1.376100E-01,1.220700E-01
1.875,1.266000E-01,1.115600E-01
1.878,1.154000E-01,1.010600E-01
1.880,1.043600E-01,9.068100E-02
1.883,9.338700E-02,8.054000E-02
1.887,8.290700E-02,7.074200E-02
1.890,7.275400E-02,6.139400E-02
1.893,6.306700E-02,5.259700E-02
1.895,5.406700E-02,4.443900E-02
1.898,4.562900E-02,3.699300E-02
1.901,3.805000E-02,3.031500E-02
1.905,3.115300E-02,2.444400E-02
1.908,2.519100E-02,1.940100E-02
1.911,2.009800E-02,1.518500E-02
1.913,1.588800E-02,1.177600E-02
1.916,1.254300E-02,9.129600E-03
1.919,9.988400E-03,7.188200E-03
1.923,8.150100E-03,5.878600E-03
1.926,6.931500E-03,5.118000E-03
1.929,6.240800E-03,4.817000E-03
1.931,6.008900E-03,4.883200E-03
1.934,6.136600E-03,5.224100E-03
1.938,6.541600E-03,5.751200E-03
1.941,7.093800E-03,6.382800E-03
1.944,7.720300E-03,7.046700E-03
1.946,8.378600E-03,7.681200E-03
1.949,8.963400E-03,8.236400E-03
1.952,9.446800E-03,8.673400E-03
1.956,9.779400E-03,8.964500E-03
1.959,9.977500E-03,9.092900E-03
1.962,1.002900E-02,9.052300E-03
1.964,9.887500E-03,8.845800E-03
1.967,9.613700E-03,8.485100E-03
1.970,9.176500E-03,7.988900E-03
1.974,8.565600E-03,7.381500E-03
1.977,7.871800E-03,6.690900E-03
1.980,7.117000E-03,5.946800E-03
1.982,6.319100E-03,5.179000E-03
1.985,5.495500E-03,4.416200E-03
1.988,4.712000E-03,3.685000E-03
1.992,4.012800E-03,3.009600E-03
1.995,3.376800E-03,2.410300E-03
1.997,2.794900E-03,1.902800E-03
2.000,2.328100E-03,1.497800E-03
2.003,1.970200E-03,1.200500E-03
2.007,1.720600E-03,1.011200E-03
2.010,1.584800E-03,9.254400E-04
2.013,1.527400E-03,9.348900E-04
2.016,1.573500E-03,1.027800E-03
2.019,1.673000E-03,1.189800E-03
2.022,1.828500E-03,1.404500E-03
2.024,2.013500E-03,1.654600E-03
2.027,2.228500E-03,1.921800E-03
2.030,2.454300E-03,2.188500E-03
2.033,2.657300E-03,2.438700E-03
2.036,2.855700E-03,2.658300E-03
2.039,3.010500E-03,2.836100E-03
2.043,3.107500E-03,2.963700E-03
2.046,3.132200E-03,3.035500E-03
2.049,3.092900E-03,3.048600E-03
2.052,3.008600E-03,3.003200E-03
2.055,2.865800E-03,2.902000E-03
2.057,2.687600E-03,2.750400E-03
2.060,2.493200E-03,2.555900E-03
2.063,2.277600E-03,2.327600E-03
2.066,2.061400E-03,2.076100E-03
2.069,1.822500E-03,1.812700E-03
2.072,1.587400E-03,1.548500E-03
2.076,1.359500E-03,1.294300E-03
2.079,1.146200E-03,1.059800E-03
2.082,9.672200E-04,8.531600E-04
2.085,8.113000E-04,6.810700E-04
2.088,6.976100E-04,5.481800E-04
2.091,6.286200E-04,4.571300E-04
2.093,5.956400E-04,4.085400E-04
2.096,5.941300E-04,4.010800E-04
2.099,6.265500E-04,4.316400E-04
2.102,6.966400E-04,4.956000E-04
2.105,7.850900E-04,5.871300E-04
2.109,8.881600E-04,6.995200E-04
2.112,9.912200E-04,8.254800E-04
2.115,1.107700E-03,9.575200E-04
2.118,1.214900E-03,1.088100E-03
2.121,1.297900E-03,1.210000E-03
2.124,1.388600E-03,1.316800E-03
2.126,1.434500E-03,1.403000E-03
2.129,1.469900E-03,1.464300E-03
2.132,1.474300E-03,1.498300E-03
2.135,1.461600E-03,1.503700E-03
2.138,1.425900E-03,1.480600E-03
2.141,1.354400E-03,1.430500E-03
2.145,1.279300E-03,1.355800E-03
2.148,1.179000E-03,1.260300E-03
2.151,1.062800E-03,1.148500E-03
2.154,9.415500E-04,1.025500E-03
2.157,8.211000E-04,8.968200E-04
2.159,6.994000E-04,7.680400E-04
2.162,5.970200E-04,6.444500E-04
2.165,5.080300E-04,5.309500E-04
2.168,4.422200E-04,4.318800E-04
2.171,3.859200E-04,3.507400E-04
2.174,3.453600E-04,2.901000E-04
2.178,3.242400E-04,2.514700E-04
2.181,3.239700E-04,2.352300E-04
2.184,3.453600E-04,2.407700E-04
2.187,3.770900E-04,2.664600E-04
2.190,4.256600E-04,3.098000E-04
2.193,4.848500E-04,3.675400E-04
2.195,5.483200E-04,4.358900E-04
2.198,6.184100E-04,5.106900E-04
2.201,6.780200E-04,5.877300E-04
2.204,7.296200E-04,6.628800E-04
2.207,7.733600E-04,7.322300E-04
2.211,8.079900E-04,7.923000E-04
2.214,8.238600E-04,8.400700E-04
2.217,8.227500E-04,8.732400E-04
2.220,8.136500E-04,8.902300E-04
2.223,7.988800E-04,8.903200E-04
2.226,7.657700E-04,8.736300E-04
2.228,7.216200E-04,8.411200E-04
2.231,6.740200E-04,7.945000E-04
2.234,6.196500E-04,7.361000E-04
2.237,5.582500E-04,6.687200E-04
2.240,4.934000E-04,5.954800E-04
2.243,4.342100E-04,5.197000E-04
2.247,3.737800E-04,4.447200E-04
2.250,3.236900E-04,3.737400E-04
2.253,2.752600E-04,3.097000E-04
2.256,2.399400E-04,2.550800E-04
2.259,2.145500E-04,2.118300E-04
2.261,2.015800E-04,1.813200E-04
2.264,2.017200E-04,1.643300E-04
2.267,2.141400E-04,1.610100E-04
2.270,2.311100E-04,1.708200E-04
2.273,2.634000E-04,1.926600E-04
2.276,2.974800E-04,2.248500E-04
2.280,3.390100E-04,2.652900E-04
2.283,3.809500E-04,3.115400E-04
2.286,4.216600E-04,3.609600E-04
2.289,4.604300E-04,4.108600E-04
2.292,4.837500E-04,4.586200E-04
2.295,5.081700E-04,5.018100E-04
2.297,5.183800E-04,5.382700E-04
2.300,5.190700E-04,5.661800E-04
2.303,5.096900E-04,5.842100E-04
2.306,4.979600E-04,5.915000E-04
2.309,4.891300E-04,5.877600E-04
2.313,4.619500E-04,5.732500E-04
2.316,4.299400E-04,5.487600E-04
2.319,3.966800E-04,5.155400E-04
2.322,3.577700E-04,4.752900E-04
2.325,3.169300E-04,4.299800E-04
2.328,2.698800E-04,3.817500E-04
2.330,2.338700E-04,3.327500E-04
2.333,2.013100E-04,2.850300E-04
2.336,1.735700E-04,2.405600E-04
2.339,1.498400E-04,2.010900E-04
2.342,1.328700E-04,1.681900E-04
2.345,1.240400E-04,1.431300E-04
2.349,1.259700E-04,1.268100E-04
2.352,1.309400E-04,1.196700E-04
2.355,1.435000E-04,1.217300E-04
2.358,1.669500E-04,1.325500E-04
2.361,1.930300E-04,1.512400E-04
2.364,2.177300E-04,1.765300E-04
2.366,2.416000E-04,2.068200E-04
2.369,2.701600E-04,2.403200E-04
2.372,2.916800E-04,2.751500E-04
2.375,3.074100E-04,3.094500E-04
2.378,3.261800E-04,3.415100E-04
2.382,3.426000E-04,3.697400E-04
2.385,3.474300E-04,3.928100E-04
2.388,3.483900E-04,4.096200E-04
2.391,3.454900E-04,4.193800E-04
2.394,3.442500E-04,4.216200E-04
2.397,3.257600E-04,4.162600E-04
2.399,3.054800E-04,4.035500E-04
2.402,2.863000E-04,3.841400E-04
2.405,2.592600E-04,3.589600E-04
2.408,2.300100E-04,3.292600E-04
2.411,1.967500E-04,2.964200E-04
2.414,1.705400E-04,2.619800E-04
2.418,1.451500E-04,2.274700E-04
2.421,1.205900E-04,1.944500E-04
2.424,1.034800E-04,1.643400E-04
2.427,9.258200E-05,1.384200E-04
2.430,8.527000E-05,1.177600E-04
2.432,8.223400E-05,1.031000E-04
2.435,8.499400E-05,9.491500E-05
2.438,9.203000E-05,9.333400E-05
2.441,1.007200E-04,9.817900E-05
2.444,1.148000E-04,1.089800E-04
2.447,1.320400E-04,1.249900E-04
2.451,1.542600E-04,1.452500E-04
2.454,1.731600E-04,1.686400E-04
2.457,1.967500E-04,1.938700E-04
2.460,2.213100E-04,2.196000E-04
2.463,2.367700E-04,2.444900E-04
2.466,2.525000E-04,2.672300E-04
2.468,2.540100E-04,2.866900E-04
2.471,2.569100E-04,3.019000E-04
2.474,2.556700E-04,3.121300E-04
2.477,2.453200E-04,3.169100E-04
2.480,2.369100E-04,3.160500E-04
2.484,2.204900E-04,3.096300E-04
2.487,2.069600E-04,2.979800E-04
2.490,1.857200E-04,2.816900E-04
2.493,1.622600E-04,2.615300E-04
2.496,1.439100E-04,2.384600E-04
2.499,1.244500E-04,2.135300E-04
2.501,1.059700E-04,1.878900E-04
2.504,9.065100E-05,1.627200E-04
2.507,8.237200E-05,1.391400E-04
2.510,7.133400E-05,1.181900E-04
2.513,6.250300E-05,1.007500E-04
2.516,6.195100E-05,8.750200E-05
2.520,6.167600E-05,7.891600E-05
2.523,6.346900E-05,7.524700E-05
2.526,7.078200E-05,7.651700E-05
2.529,8.416600E-05,8.251800E-05
2.532,1.007200E-04,9.282000E-05
2.534,1.142400E-04,1.067900E-04
2.537,1.298400E-04,1.236300E-04
2.540,1.501200E-04,1.424000E-04
2.543,1.628100E-04,1.621200E-04
2.546,1.757800E-04,1.817500E-04
2.549,1.813000E-04,2.003000E-04
2.553,1.848900E-04,2.168200E-04
2.556,1.882000E-04,2.304900E-04
2.559,1.843400E-04,2.406200E-04
2.562,1.824100E-04,2.467400E-04
2.565,1.768900E-04,2.485600E-04
2.568,1.702600E-04,2.460300E-04
2.570,1.614300E-04,2.393200E-04
2.573,1.503900E-04,2.287500E-04
2.576,1.372900E-04,2.148400E-04
2.579,1.164500E-04,1.982300E-04
2.582,9.768700E-05,1.796700E-04
2.586,8.264800E-05,1.600200E-04
2.589,6.843600E-05,1.401800E-04
2.592,5.463900E-05,1.210600E-04
2.595,4.553200E-05,1.035500E-04
2.598,4.373900E-05,8.841300E-05
2.601,4.111700E-05,7.630300E-05
2.603,4.015100E-05,6.770000E-05
2.606,4.180700E-05,6.290700E-05
2.609,4.429000E-05,6.203600E-05
2.612,5.201700E-05,6.501200E-05
2.615,6.264100E-05,7.157600E-05
2.618,7.216200E-05,8.130400E-05
2.622,8.540800E-05,9.363300E-05
2.625,1.001700E-04,1.078900E-04
2.628,1.146600E-04,1.233300E-04
2.631,1.232100E-04,1.391500E-04
2.634,1.297000E-04,1.545700E-04
2.636,1.357700E-04,1.688100E-04
2.639,1.368700E-04,1.811600E-04
2.642,1.364600E-04,1.909800E-04
2.645,1.361800E-04,1.977800E-04
2.648,1.337000E-04,2.012200E-04
2.651,1.268000E-04,2.011400E-04
2.655,1.201800E-04,1.975700E-04
2.658,1.123100E-04,1.906900E-04
2.661,1.010000E-04,1.808600E-04
2.664,8.913300E-05,1.685600E-04
2.667,7.906100E-05,1.543500E-04
2.670,7.064400E-05,1.388900E-04
2.672,6.029600E-05,1.228900E-04
2.675,5.008600E-05,1.070900E-04
2.678,4.222100E-05,9.221300E-05
2.681,3.642600E-05,7.894000E-05
2.684,3.228700E-05,6.785600E-05
2.688,2.897500E-05,5.943100E-05
2.691,2.911300E-05,5.399300E-05
2.694,3.090700E-05,5.172100E-05
2.697,3.711600E-05,5.264800E-05
2.700,4.525600E-05,5.665600E-05
2.703,5.243100E-05,6.348100E-05
2.705,6.084800E-05,7.272700E-05
2.708,7.271400E-05,8.388100E-05
2.711,8.540800E-05,9.634700E-05
2.714,9.396200E-05,1.094800E-04
2.717,9.920500E-05,1.226100E-04
2.720,1.081700E-04,1.350900E-04
2.724,1.146600E-04,1.462900E-04
2.727,1.179700E-04,1.556500E-04
2.730,1.212800E-04,1.627000E-04
2.733,1.221100E-04,1.671100E-04
2.736,1.207300E-04,1.686500E-04
2.739,1.153500E-04,1.672600E-04
2.741,1.085900E-04,1.630200E-04
2.744,1.025200E-04,1.561300E-04
2.747,9.078900E-05,1.469300E-04
2.750,8.044000E-05,1.358600E-04
2.753,7.009200E-05,1.234200E-04
2.757,6.098600E-05,1.102100E-04
2.760,5.215500E-05,9.682200E-05
2.763,4.194500E-05,8.389200E-05
2.766,3.352800E-05,7.201200E-05
2.769,2.828500E-05,6.171900E-05
2.772,2.635400E-05,5.346300E-05
2.774,2.428400E-05,4.758700E-05
2.777,2.580200E-05,4.431700E-05
2.780,2.980300E-05,4.375700E-05
2.783,3.573600E-05,4.588300E-05
2.786,4.139300E-05,5.054200E-05
2.789,4.925800E-05,5.746000E-05
2.793,5.505300E-05,6.625500E-05
2.796,6.333100E-05,7.645600E-05
2.799,7.105800E-05,8.752900E-05
2.802,7.933700E-05,9.891600E-05
2.805,8.913300E-05,1.100500E-04
2.807,9.437600E-05,1.204000E-04
2.810,1.040300E-04,1.294600E-04
2.813,1.065200E-04,1.367800E-04
2.816,1.056900E-04,1.420000E-04
2.819,1.059700E-04,1.448700E-04
2.822,1.018300E-04,1.452400E-04
2.826,9.630800E-05,1.431000E-04
2.829,8.527000E-05,1.385500E-04
2.832,7.616300E-05,1.318000E-04
2.835,6.843600E-05,1.231700E-04
2.838,5.946800E-05,1.130400E-04
2.841,4.994800E-05,1.019000E-04
2.843,4.194500E-05,9.026100E-05
2.846,3.615000E-05,7.868000E-05
2.849,3.366600E-05,6.770500E-05
2.852,2.869900E-05,5.784700E-05
2.855,2.193800E-05,4.955700E-05
2.859,1.959300E-05,4.320300E-05
2.862,1.931700E-05,3.905500E-05
2.865,2.249000E-05,3.727300E-05
2.868,2.304200E-05,3.790100E-05
2.871,2.814700E-05,4.086700E-05
2.874,3.352800E-05,4.599100E-05
2.876,4.166900E-05,5.298800E-05
2.879,4.760200E-05,6.148900E-05
2.882,5.491500E-05,7.106000E-05
2.885,6.126200E-05,8.121900E-05
2.888,7.105800E-05,9.146200E-05
2.891,8.002600E-05,1.012900E-04
2.895,8.720100E-05,1.102100E-04
2.898,9.713600E-05,1.178100E-04
2.901,9.617000E-05,1.237000E-04
2.904,1.021000E-04,1.276100E-04
2.907,9.782500E-05,1.293400E-04
2.909,9.534200E-05,1.288100E-04
2.912,8.830500E-05,1.260300E-04
2.915,7.823300E-05,1.211300E-04
2.918,7.354200E-05,1.143400E-04
2.921,6.236500E-05,1.059600E-04
2.924,5.643200E-05,9.640600E-05
2.928,4.691200E-05,8.611900E-05
2.931,3.904700E-05,7.559000E-05
2.934,3.214900E-05,6.531300E-05
2.937,2.649200E-05,5.576600E-05
2.940,2.152400E-05,4.738800E-05
2.943,1.614300E-05,4.056200E-05
2.945,1.600500E-05,3.559300E-05
2.948,1.614300E-05,3.269500E-05
2.951,1.779900E-05,3.198400E-05
2.954,2.235200E-05,3.347200E-05
2.957,2.676700E-05,3.707000E-05
2.961,3.435600E-05,4.258800E-05
2.964,3.918500E-05,4.974700E-05
2.967,4.691200E-05,5.818800E-05
2.970,5.353500E-05,6.748700E-05
2.973,6.153800E-05,7.718200E-05
2.976,6.829800E-05,8.679200E-05
2.978,7.423100E-05,9.584800E-05
2.981,8.361400E-05,1.039100E-04
2.984,8.458000E-05,1.105900E-04
2.987,8.802900E-05,1.155700E-04
2.990,8.885700E-05,1.185900E-04
2.993,9.203000E-05,1.195200E-04
2.997,8.844300E-05,1.182900E-04
3.000,8.140600E-05,1.149600E-04
3.003,7.878500E-05,1.097000E-04
3.006,7.147200E-05,1.027400E-04
3.009,6.208900E-05,9.442000E-05
3.011,5.049900E-05,8.511700E-05
3.014,4.346300E-05,7.527000E-05
3.017,3.684000E-05,6.534300E-05
3.020,2.994100E-05,5.580600E-05
3.023,2.442200E-05,4.711300E-05
3.026,1.904100E-05,3.967500E-05
3.030,1.697100E-05,3.383900E-05
3.033,1.600500E-05,2.987000E-05
3.036,1.614300E-05,2.794800E-05
3.039,1.641900E-05,2.815300E-05
3.042,1.835100E-05,3.046800E-05
3.045,2.276600E-05,3.477500E-05
3.047,2.773300E-05,4.086100E-05
3.050,3.159700E-05,4.843200E-05
3.053,3.932300E-05,5.712200E-05
3.056,4.484200E-05,6.651500E-05
3.059,5.187900E-05,7.616100E-05
3.063,5.988200E-05,8.559400E-05
3.066,6.802200E-05,9.435700E-05
3.069,7.588700E-05,1.020300E-04
3.072,7.740500E-05,1.082300E-04
3.075,8.306200E-05,1.126700E-04
3.078,8.623500E-05,1.151200E-04
3.080,8.278600E-05,1.154700E-04
3.083,8.016400E-05,1.136900E-04
3.086,7.436900E-05,1.098400E-04
3.089,7.050600E-05,1.041000E-04
3.092,6.581500E-05,9.673500E-05
3.095,5.891600E-05,8.809300E-05
3.099,5.463900E-05,7.859500E-05
3.102,4.636000E-05,6.870200E-05
3.105,3.959900E-05,5.889000E-05
3.108,3.311400E-05,4.961800E-05
3.111,2.718100E-05,4.131500E-05
3.114,2.345600E-05,3.436400E-05
3.116,2.042100E-05,2.909000E-05
3.119,1.752300E-05,2.575000E-05
3.122,1.904100E-05,2.451700E-05
3.125,2.028300E-05,2.546600E-05
3.128,2.318000E-05,2.856700E-05
3.132,2.511200E-05,3.368400E-05
3.135,3.007900E-05,4.058500E-05
3.138,3.725400E-05,4.895300E-05
3.141,4.125500E-05,5.840500E-05
3.144,4.939600E-05,6.850600E-05
3.147,5.560500E-05,7.878900E-05
3.149,6.457300E-05,8.876800E-05
3.152,7.326600E-05,9.796600E-05
3.155,8.113000E-05,1.059300E-04
3.158,8.775300E-05,1.122800E-04
3.161,9.313400E-05,1.166800E-04
3.164,9.617000E-05,1.189400E-04
3.168,9.851500E-05,1.189400E-04
3.171,9.410000E-05,1.166700E-04
3.174,8.899500E-05,1.122600E-04
3.177,8.306200E-05,1.058900E-04
3.180,7.519700E-05,9.786700E-05
3.182,6.829800E-05,8.856400E-05
3.185,5.891600E-05,7.840100E-05
3.188,5.312100E-05,6.784100E-05
3.191,4.622200E-05,5.737300E-05
3.194,4.001300E-05,4.750000E-05
3.197,3.394200E-05,3.871200E-05
3.201,2.745700E-05,3.145800E-05
3.204,2.414600E-05,2.611200E-05
3.207,2.193800E-05,2.296300E-05
3.210,2.304200E-05,2.219200E-05
3.213,2.649200E-05,2.386900E-05
3.216,2.966500E-05,2.795300E-05
3.218,3.408000E-05,3.428800E-05
3.221,3.946100E-05,4.261900E-05
3.224,4.663600E-05,5.259600E-05
3.227,5.243100E-05,6.378700E-05
3.230,6.002000E-05,7.570100E-05
3.234,6.995400E-05,8.780200E-05
3.237,7.919900E-05,9.953300E-05
3.240,8.913300E-05,1.103400E-04
3.243,9.644600E-05,1.197200E-04
3.246,1.026500E-04,1.272200E-04
3.249,1.054100E-04,1.324800E-04
3.251,1.054100E-04,1.352500E-04
3.254,1.062400E-04,1.353800E-04
3.257,1.034800E-04,1.328500E-04
3.260,1.010000E-04,1.277600E-04
3.263,9.713600E-05,1.203100E-04
3.266,9.189200E-05,1.108300E-04
3.270,8.844300E-05,9.975900E-05
3.273,8.195800E-05,8.759800E-05
3.276,7.285200E-05,7.493000E-05
3.279,6.333100E-05,6.237200E-05
3.282,5.422500E-05,5.055400E-05
3.284,4.801600E-05,4.007900E-05
3.287,3.835700E-05,3.149900E-05
3.290,3.311400E-05,2.528500E-05
3.293,3.187300E-05,2.181000E-05
3.296,3.049300E-05,2.133200E-05
3.299,3.256200E-05,2.397800E-05
3.303,3.656400E-05,2.973700E-05
3.306,4.429000E-05,3.845400E-05
3.309,5.353500E-05,4.983600E-05
3.312,6.112400E-05,6.346700E-05
3.315,7.050600E-05,7.881600E-05
3.318,8.278600E-05,9.526500E-05
3.320,9.354800E-05,1.121200E-04
3.323,1.072100E-04,1.286700E-04
3.326,1.230800E-04,1.441600E-04
3.329,1.400500E-04,1.579100E-04
3.332,1.538400E-04,1.692900E-04
3.336,1.639200E-04,1.777600E-04
3.339,1.721900E-04,1.828900E-04
3.342,1.788200E-04,1.844000E-04
3.345,1.789600E-04,1.821600E-04
3.348,1.753700E-04,1.762300E-04
3.351,1.715000E-04,1.668300E-04
3.353,1.688800E-04,1.543700E-04
3.356,1.632300E-04,1.394000E-04
3.359,1.508100E-04,1.225900E-04
3.362,1.360400E-04,1.047100E-04
3.365,1.229400E-04,8.661400E-05
3.368,1.080400E-04,6.919400E-05
3.372,9.230600E-05,5.338400E-05
3.375,7.754300E-05,4.009300E-05
3.378,6.678100E-05,3.016400E-05
3.381,5.698400E-05,2.432200E-05
3.384,5.243100E-05,2.314300E-05
3.386,5.229300E-05,2.702000E-05
3.389,5.174100E-05,3.614200E-05
3.392,5.767400E-05,5.048200E-05
3.395,6.333100E-05,6.979400E-05
3.398,7.519700E-05,9.361200E-05
3.401,8.954700E-05,1.212600E-04
3.405,1.067900E-04,1.518900E-04
3.408,1.266600E-04,1.844900E-04
3.411,1.435000E-04,2.179300E-04
3.414,1.653000E-04,2.510100E-04
3.417,1.861300E-04,2.824600E-04
3.420,2.026900E-04,3.110500E-04
3.422,2.229700E-04,3.355500E-04
3.425,2.392500E-04,3.548800E-04
3.428,2.559500E-04,3.680700E-04
3.431,2.634000E-04,3.744100E-04
3.434,2.740200E-04,3.734700E-04
3.438,2.731900E-04,3.651100E-04
3.441,2.674000E-04,3.495200E-04
3.444,2.556700E-04,3.272100E-04
3.447,2.411800E-04,2.990200E-04
3.450,2.276600E-04,2.660700E-04
3.453,2.043400E-04,2.297900E-04
3.455,1.871000E-04,1.918600E-04
3.458,1.654300E-04,1.542100E-04
3.461,1.463900E-04,1.189200E-04
3.464,1.257000E-04,8.817000E-05
3.467,1.052800E-04,6.420200E-05
3.470,9.479000E-05,4.926100E-05
3.474,9.009900E-05,4.554100E-05
3.477,9.285800E-05,5.510100E-05
3.480,1.077600E-04,7.978900E-05
3.483,1.388000E-04,1.211700E-04
3.486,1.873700E-04,1.804800E-04
3.489,2.380100E-04,2.585900E-04
3.491,3.061700E-04,3.559400E-04
3.494,3.895100E-04,4.725300E-04
3.497,4.925800E-04,6.078300E-04
3.500,6.066800E-04,7.607800E-04
3.503,7.275500E-04,9.298400E-04
3.507,8.626300E-04,1.113000E-03
3.510,1.010100E-03,1.308100E-03
3.513,1.157800E-03,1.512600E-03
3.516,1.313700E-03,1.723500E-03
3.519,1.482700E-03,1.937800E-03
3.522,1.652100E-03,2.151900E-03
3.524,1.809300E-03,2.362300E-03
3.527,1.979400E-03,2.565400E-03
3.530,2.148800E-03,2.757700E-03
3.533,2.310300E-03,2.936300E-03
3.536,2.429100E-03,3.098200E-03
3.539,2.568000E-03,3.241000E-03
3.543,2.701900E-03,3.362300E-03
3.546,2.798400E-03,3.460400E-03
3.549,2.858000E-03,3.533700E-03
3.552,2.896500E-03,3.581300E-03
3.555,2.946800E-03,3.602400E-03
3.557,2.938500E-03,3.597000E-03
3.560,2.901900E-03,3.565500E-03
3.563,2.850300E-03,3.508700E-03
3.566,2.809300E-03,3.428100E-03
3.569,2.739800E-03,3.325200E-03
3.572,2.637700E-03,3.202100E-03
3.576,2.530100E-03,3.061200E-03
3.579,2.407300E-03,2.904900E-03
3.582,2.268200E-03,2.735900E-03
3.585,2.132400E-03,2.556800E-03
3.588,1.980700E-03,2.370600E-03
3.591,1.829800E-03,2.180100E-03
3.593,1.661000E-03,1.988000E-03
3.596,1.517900E-03,1.796900E-03
3.599,1.369000E-03,1.609100E-03
3.602,1.204800E-03,1.427100E-03
3.605,1.052800E-03,1.252900E-03
3.609,9.077500E-04,1.088400E-03
3.612,7.890900E-04,9.349800E-04
3.615,6.658800E-04,7.936800E-04
3.618,5.568700E-04,6.651100E-04
3.621,4.571200E-04,5.496300E-04
3.624,3.713000E-04,4.474400E-04
3.626,2.985800E-04,3.585100E-04
3.629,2.312500E-04,2.826000E-04
3.632,1.770200E-04,2.192400E-04
3.635,1.381100E-04,1.676800E-04
3.638,1.045900E-04,1.269900E-04
3.641,8.292400E-05,9.611400E-05
3.645,6.540100E-05,7.386800E-05
3.648,5.657000E-05,5.905000E-05
3.651,5.284500E-05,5.046900E-05
3.654,5.298300E-05,4.697100E-05
3.657,5.698400E-05,4.745400E-05
3.659,6.291700E-05,5.087500E-05
3.662,7.161000E-05,5.626300E-05
3.665,7.961200E-05,6.274300E-05
3.668,8.885700E-05,6.955100E-05
3.671,9.658400E-05,7.605200E-05
3.674,1.012700E-04,8.174200E-05
3.678,1.026500E-04,8.624400E-05
3.681,1.039000E-04,8.929800E-05
3.684,1.050000E-04,9.075400E-05
3.687,1.036200E-04,9.055700E-05
3.690,9.754900E-05,8.873900E-05
3.693,9.479000E-05,8.540900E-05
3.695,8.940900E-05,8.073600E-05
3.698,8.085400E-05,7.493700E-05
3.701,7.409300E-05,6.826100E-05
3.704,6.374500E-05,6.097300E-05
3.707,5.574300E-05,5.334900E-05
3.711,4.580800E-05,4.565800E-05
3.714,3.808200E-05,3.815600E-05
3.717,3.339000E-05,3.107000E-05
3.720,2.525000E-05,2.459500E-05
3.723,2.152400E-05,1.888600E-05
3.726,1.669500E-05,1.405800E-05
3.728,1.448800E-05,1.018500E-05
3.731,1.393600E-05,7.295000E-06
3.734,1.255600E-05,5.381700E-06
3.737,1.269400E-05,4.401300E-06
3.740,1.476300E-05,4.279700E-06
3.743,1.766100E-05,4.917100E-06
3.747,1.959300E-05,6.192700E-06
3.750,2.262800E-05,7.970900E-06
3.753,2.525000E-05,1.010700E-05
3.756,2.718100E-05,1.245400E-05
3.759,2.676700E-05,1.486800E-05
3.761,2.883700E-05,1.721800E-05
3.764,3.063100E-05,1.938300E-05
3.767,3.173500E-05,2.126300E-05
3.770,3.283800E-05,2.277600E-05
3.773,3.573600E-05,2.386000E-05
3.776,3.656400E-05,2.447500E-05
3.780,3.477000E-05,2.460800E-05
3.783,3.270000E-05,2.426200E-05
3.786,2.911300E-05,2.346500E-05
3.789,2.552600E-05,2.226100E-05
3.792,2.055900E-05,2.070800E-05
3.795,1.917900E-05,1.887700E-05
3.797,1.545300E-05,1.684500E-05
3.800,1.366000E-05,1.469400E-05
3.803,1.145200E-05,1.250600E-05
3.806,9.658400E-06,1.036300E-05
3.809,8.830500E-06,8.342400E-06
3.813,6.346900E-06,6.514700E-06
3.816,5.657000E-06,4.940300E-06
3.819,4.553200E-06,3.664100E-06
3.822,4.967200E-06,2.712300E-06
3.825,6.346900E-06,2.091000E-06
3.828,6.071000E-06,1.790200E-06
3.830,6.898800E-06,1.790400E-06
3.833,9.658400E-06,2.068400E-06
3.836,1.034800E-05,2.597900E-06
3.839,1.159000E-05,3.346100E-06
3.842,1.117600E-05,4.270000E-06
3.845,1.228000E-05,5.316500E-06
3.849,1.255600E-05,6.426600E-06
3.852,1.159000E-05,7.539700E-06
3.855,1.241800E-05,8.599300E-06
3.858,1.200400E-05,9.554500E-06
3.861,1.310800E-05,1.036200E-05
3.864,1.352200E-05,1.098800E-05
3.866,1.407400E-05,1.140600E-05
3.869,1.407400E-05,1.160300E-05
3.872,1.283200E-05,1.157200E-05
3.875,1.269400E-05,1.131900E-05
3.878,1.186600E-05,1.085900E-05
3.882,1.048600E-05,1.021500E-05
3.885,9.382400E-06,9.417700E-06
3.888,8.002600E-06,8.501300E-06
3.891,7.864700E-06,7.505000E-06
3.894,6.346900E-06,6.470200E-06
3.897,4.967200E-06,5.440000E-06
3.899,4.415300E-06,4.457900E-06
3.902,3.863300E-06,3.565900E-06
3.905,4.691200E-06,2.800300E-06
3.908,4.829200E-06,2.187700E-06
3.911,4.829200E-06,1.741600E-06
3.914,5.519100E-06,1.462600E-06
3.918,6.071000E-06,1.342800E-06
3.921,6.208900E-06,1.373000E-06
3.924,5.795000E-06,1.546400E-06
3.927,5.381100E-06,1.856900E-06
3.930,5.933000E-06,2.294600E-06
3.932,5.795000E-06,2.840200E-06
3.935,6.484900E-06,3.465100E-06
3.938,6.898800E-06,4.133500E-06
3.941,7.450700E-06,4.807300E-06
3.944,7.864700E-06,5.450100E-06
3.947,8.554500E-06,6.029400E-06
3.951,8.830500E-06,6.518200E-06
3.954,8.692500E-06,6.895200E-06
3.957,8.278600E-06,7.144900E-06
3.960,7.864700E-06,7.258000E-06
3.963,7.174800E-06,7.231000E-06
3.966,6.484900E-06,7.066800E-06
3.968,5.519100E-06,6.774100E-06
3.971,4.139300E-06,6.367400E-06
3.974,3.725400E-06,5.865900E-06
3.977,3.035500E-06,5.293100E-06
3.980,2.897500E-06,4.675100E-06
3.984,2.621600E-06,4.040100E-06
3.987,2.345600E-06,3.416900E-06
3.990,2.621600E-06,2.834400E-06
3.993,2.483600E-06,2.318900E-06
3.996,2.207600E-06,1.892000E-06
3.999,1.931700E-06,1.567200E-06
4.002,2.483600E-06,1.349000E-06
4.004,2.759500E-06,1.235200E-06
4.008,2.897500E-06,1.220700E-06
4.010,3.035500E-06,1.301700E-06
4.014,3.311400E-06,1.475800E-06
4.016,3.725400E-06,1.738700E-06
4.019,3.587400E-06,2.080900E-06
4.023,4.139300E-06,2.485600E-06
4.025,4.553200E-06,2.930600E-06
4.029,5.381100E-06,3.390800E-06
4.031,6.346900E-06,3.841100E-06
4.035,7.174800E-06,4.258200E-06
4.037,6.898800E-06,4.621600E-06
4.041,6.760900E-06,4.914400E-06
4.043,6.484900E-06,5.123600E-06
4.047,5.795000E-06,5.240500E-06
4.049,5.381100E-06,5.260700E-06
4.052,4.415300E-06,5.184300E-06
4.056,4.277300E-06,5.015700E-06
4.058,3.449400E-06,4.763300E-06
4.062,3.173500E-06,4.439200E-06
4.064,3.035500E-06,4.058800E-06
4.068,2.483600E-06,3.639900E-06
4.070,2.207600E-06,3.202500E-06
4.074,1.655700E-06,2.767400E-06
4.076,1.655700E-06,2.355300E-06
4.080,1.517700E-06,1.985900E-06
4.082,1.241800E-06,1.675600E-06
4.085,1.103800E-06,1.435500E-06
4.089,1.517700E-06,1.270800E-06
4.091,1.793700E-06,1.181500E-06
4.095,2.207600E-06,1.165100E-06
4.097,2.345600E-06,1.219200E-06
4.101,2.483600E-06,1.341900E-06
4.103,3.173500E-06,1.530000E-06
4.107,4.001300E-06,1.776500E-06
4.109,4.415300E-06,2.069700E-06
4.113,4.553200E-06,2.393500E-06
4.115,4.967200E-06,2.729700E-06
4.119,5.657000E-06,3.059900E-06
4.122,5.795000E-06,3.367100E-06
4.124,4.829200E-06,3.636000E-06
4.128,4.553200E-06,3.853800E-06
4.130,4.415300E-06,4.010400E-06
4.134,4.415300E-06,4.098900E-06
4.136,4.139300E-06,4.115400E-06
4.140,3.725400E-06,4.059800E-06
4.142,4.001300E-06,3.935400E-06
4.146,3.587400E-06,3.748400E-06
4.148,3.311400E-06,3.508300E-06
4.152,2.759500E-06,3.226700E-06
4.155,2.207600E-06,2.917200E-06
4.157,1.793700E-06,2.594800E-06
4.161,1.241800E-06,2.275000E-06
4.163,1.517700E-06,1.973500E-06
4.167,1.379800E-06,1.704700E-06
4.169,1.241800E-06,1.480600E-06
4.173,1.241800E-06,1.309300E-06
4.175,1.379800E-06,1.194500E-06
4.179,1.517700E-06,1.136300E-06
4.181,1.241800E-06,1.133300E-06
4.185,1.655700E-06,1.183800E-06
4.188,2.069600E-06,1.286100E-06
4.190,2.483600E-06,1.437300E-06
4.194,2.759500E-06,1.631300E-06
4.196,3.035500E-06,1.858500E-06
4.200,3.035500E-06,2.106700E-06
4.202,3.173500E-06,2.362100E-06
4.206,3.035500E-06,2.611000E-06
4.208,3.173500E-06,2.840400E-06
4.212,3.173500E-06,3.038700E-06
4.214,2.759500E-06,3.196000E-06
4.218,2.897500E-06,3.305000E-06
4.220,2.621600E-06,3.360700E-06
4.223,2.483600E-06,3.361000E-06
4.227,2.207600E-06,3.306300E-06
4.229,1.655700E-06,3.199700E-06
4.233,1.655700E-06,3.046600E-06
4.235,1.517700E-06,2.854600E-06
4.239,1.379800E-06,2.632800E-06
4.241,1.379800E-06,2.391900E-06
4.245,1.241800E-06,2.143900E-06
4.247,1.379800E-06,1.900900E-06
4.251,1.379800E-06,1.675300E-06
4.253,1.379800E-06,1.478200E-06
4.256,1.241800E-06,1.318200E-06
4.260,1.103800E-06,1.200500E-06
4.262,9.658400E-07,1.126600E-06
4.266,1.103800E-06,1.095700E-06
4.268,1.379800E-06,1.106600E-06
4.272,1.517700E-06,1.158200E-06
4.274,1.931700E-06,1.249700E-06
4.278,2.069600E-06,1.378600E-06
4.280,2.483600E-06,1.539600E-06
4.284,2.759500E-06,1.724100E-06
4.286,2.621600E-06,1.921700E-06
4.290,2.759500E-06,2.121200E-06
4.293,2.483600E-06,2.311600E-06
4.295,3.035500E-06,2.483100E-06
4.299,2.621600E-06,2.627000E-06
4.301,2.483600E-06,2.736300E-06
4.305,2.759500E-06,2.805800E-06
4.307,2.759500E-06,2.832300E-06
4.311,2.621600E-06,2.814800E-06
4.313,1.931700E-06,2.754200E-06
4.317,1.931700E-06,2.653900E-06
4.319,1.655700E-06,2.518800E-06
4.323,1.379800E-06,2.355600E-06
4.326,1.103800E-06,2.172100E-06
4.328,1.103800E-06,1.977600E-06
4.332,1.103800E-06,1.781900E-06
4.334,1.103800E-06,1.595600E-06
4.338,9.658400E-07,1.428500E-06
4.340,9.658400E-07,1.288800E-06
4.344,1.103800E-06,1.181700E-06
4.346,1.517700E-06,1.108800E-06
4.350,1.931700E-06,1.069000E-06
4.352,2.345600E-06,1.060100E-06
4.356,2.483600E-06,1.080900E-06
4.359,2.621600E-06,1.131700E-06
4.361,2.621600E-06,1.212800E-06
4.365,2.207600E-06,1.323000E-06
4.367,2.207600E-06,1.457900E-06
4.371,1.793700E-06,1.610200E-06
4.373,1.655700E-06,1.770800E-06
4.377,1.379800E-06,1.930000E-06
4.379,1.655700E-06,2.078700E-06
4.383,1.793700E-06,2.208900E-06
4.385,1.379800E-06,2.313600E-06
4.389,1.379800E-06,2.387500E-06
4.391,1.793700E-06,2.427000E-06
4.394,2.069600E-06,2.430100E-06
4.398,1.655700E-06,2.396900E-06
4.400,1.517700E-06,2.329200E-06
4.404,1.517700E-06,2.230400E-06
4.406,1.517700E-06,2.105500E-06
4.410,1.241800E-06,1.961100E-06
4.412,9.658400E-07,1.804500E-06
4.416,9.658400E-07,1.644400E-06
4.418,1.103800E-06,1.489900E-06
4.422,1.103800E-06,1.350400E-06
4.424,1.103800E-06,1.233400E-06
4.427,1.241800E-06,1.143600E-06
4.431,1.241800E-06,1.081700E-06
4.433,1.241800E-06,1.045000E-06
4.437,1.241800E-06,1.029900E-06
4.439,1.379800E-06,1.034100E-06
4.443,1.379800E-06,1.057800E-06
4.445,1.103800E-06,1.103600E-06
4.449,1.517700E-06,1.173700E-06
4.451,1.655700E-06,1.268200E-06
4.455,1.655700E-06,1.383400E-06
4.457,1.931700E-06,1.512300E-06
4.460,2.069600E-06,1.646000E-06
4.464,2.207600E-06,1.775500E-06
4.466,1.931700E-06,1.892700E-06
4.470,2.069600E-06,1.990900E-06
4.472,2.207600E-06,2.065000E-06
4.476,1.793700E-06,2.111200E-06
4.478,1.655700E-06,2.127200E-06
4.482,1.517700E-06,2.112100E-06
4.484,1.793700E-06,2.066700E-06
4.488,1.517700E-06,1.993200E-06
4.490,1.241800E-06,1.895300E-06
4.494,1.241800E-06,1.778300E-06
4.497,1.241800E-06,1.648900E-06
4.499,1.241800E-06,1.515300E-06
4.503,8.278600E-07,1.386500E-06
4.505,8.278600E-07,1.271200E-06
4.509,8.278600E-07,1.176300E-06
4.511,8.278600E-07,1.105200E-06
4.515,8.278600E-07,1.057200E-06
4.517,8.278600E-07,1.028900E-06
4.521,1.103800E-06,1.015600E-06
4.523,1.241800E-06,1.013900E-06
4.527,1.379800E-06,1.023100E-06
4.530,1.793700E-06,1.045500E-06
4.532,1.793700E-06,1.084700E-06
4.536,1.793700E-06,1.143900E-06
4.538,1.517700E-06,1.223700E-06
4.542,1.379800E-06,1.321200E-06
4.544,1.241800E-06,1.429800E-06
4.548,8.278600E-07,1.541300E-06
4.550,8.278600E-07,1.647200E-06
4.554,8.278600E-07,1.740200E-06
4.556,8.278600E-07,1.814300E-06
4.560,9.658400E-07,1.865300E-06
4.563,9.658400E-07,1.890300E-06
4.565,1.241800E-06,1.888100E-06
4.569,1.241800E-06,1.858500E-06
4.571,1.517700E-06,1.803100E-06
4.575,1.517700E-06,1.724600E-06
4.577,1.793700E-06,1.627700E-06
4.581,1.793700E-06,1.518700E-06
4.583,1.517700E-06,1.405600E-06
4.587,1.655700E-06,1.297400E-06
4.589,1.379800E-06,1.202300E-06
4.593,1.379800E-06,1.126500E-06
4.595,9.658400E-07,1.072000E-06
4.598,1.241800E-06,1.037000E-06
4.602,1.241800E-06,1.017200E-06
4.604,1.103800E-06,1.007700E-06
4.608,1.103800E-06,1.005000E-06
4.610,1.103800E-06,1.007500E-06
4.614,1.103800E-06,1.016400E-06
4.616,9.658400E-07,1.034700E-06
4.620,9.658400E-07,1.066600E-06
4.622,9.658400E-07,1.115700E-06
4.626,9.658400E-07,1.182900E-06
4.628,1.241800E-06,1.265900E-06
4.631,1.793700E-06,1.358800E-06
4.635,1.793700E-06,1.453700E-06
4.637,1.793700E-06,1.542300E-06
4.641,1.793700E-06,1.617300E-06
4.643,1.793700E-06,1.673300E-06
4.647,1.931700E-06,1.706500E-06
4.649,1.379800E-06,1.714700E-06
4.653,1.655700E-06,1.697600E-06
4.655,1.931700E-06,1.656000E-06
4.659,2.207600E-06,1.592600E-06
4.661,2.207600E-06,1.511800E-06
4.665,1.793700E-06,1.419700E-06
4.668,1.793700E-06,1.324000E-06
4.670,1.517700E-06,1.233300E-06
4.674,1.241800E-06,1.155100E-06
4.676,1.241800E-06,1.094300E-06
4.680,1.241800E-06,1.051900E-06
4.682,1.241800E-06,1.025700E-06
4.686,1.379800E-06,1.011400E-06
4.688,1.241800E-06,1.004600E-06
4.692,1.379800E-06,1.002100E-06
4.694,1.103800E-06,1.002100E-06
4.698,1.379800E-06,1.004900E-06
4.701,1.379800E-06,1.011900E-06
4.703,1.241800E-06,1.026500E-06
4.707,1.241800E-06,1.052700E-06
4.709,1.241800E-06,1.094100E-06
4.713,1.517700E-06,1.152200E-06
4.715,1.379800E-06,1.225000E-06
4.719,1.379800E-06,1.307000E-06
4.721,1.379800E-06,1.390400E-06
4.725,1.379800E-06,1.466800E-06
4.727,1.517700E-06,1.529100E-06
4.731,1.379800E-06,1.571800E-06
4.734,1.241800E-06,1.591600E-06
4.736,1.241800E-06,1.587000E-06
4.740,1.241800E-06,1.558000E-06
4.742,1.379800E-06,1.506800E-06
4.746,1.103800E-06,1.437500E-06
4.748,9.658400E-07,1.356500E-06
4.752,9.658400E-07,1.271900E-06
4.754,9.658400E-07,1.192400E-06
4.758,9.658400E-07,1.125000E-06
4.760,9.658400E-07,1.074000E-06
4.764,1.103800E-06,1.039500E-06
4.766,1.103800E-06,1.018900E-06
4.769,1.103800E-06,1.008100E-06
4.773,1.103800E-06,1.003100E-06
4.775,1.103800E-06,1.001100E-06
4.779,9.658400E-07,1.000700E-06
4.781,8.278600E-07,1.001400E-06
4.785,8.278600E-07,1.004000E-06
4.787,8.278600E-07,1.010300E-06
4.791,8.278600E-07,1.023500E-06
4.793,8.278600E-07,1.047700E-06
4.797,8.278600E-07,1.086400E-06
4.799,8.278600E-07,1.141300E-06
4.802,8.278600E-07,1.210500E-06
4.806,9.658400E-07,1.288300E-06
4.808,9.658400E-07,1.366500E-06
4.812,9.658400E-07,1.436500E-06
4.814,1.241800E-06,1.491000E-06
4.818,1.241800E-06,1.524500E-06
4.820,1.931700E-06,1.534100E-06
4.824,1.931700E-06,1.518800E-06
4.826,1.931700E-06,1.480000E-06
4.830,1.931700E-06,1.421100E-06
4.832,1.655700E-06,1.348100E-06
4.835,1.931700E-06,1.269000E-06
4.839,1.379800E-06,1.192600E-06
4.841,1.517700E-06,1.126500E-06
4.845,1.655700E-06,1.075600E-06
4.847,1.655700E-06,1.040800E-06
4.851,1.655700E-06,1.019700E-06
4.853,1.517700E-06,1.008500E-06
4.857,1.379800E-06,1.003200E-06
4.859,1.103800E-06,1.001100E-06
4.863,9.658400E-07,1.000500E-06
4.865,1.379800E-06,1.000600E-06
4.869,1.517700E-06,1.001800E-06
4.872,1.379800E-06,1.005000E-06
4.874,1.379800E-06,1.012600E-06
4.878,1.379800E-06,1.028000E-06
4.880,1.517700E-06,1.055800E-06
4.884,1.103800E-06,1.099700E-06
4.886,1.379800E-06,1.160800E-06
4.890,1.379800E-06,1.236700E-06
4.892,1.379800E-06,1.320700E-06
4.896,1.931700E-06,1.403700E-06
4.898,1.931700E-06,1.476200E-06
4.902,1.931700E-06,1.530500E-06
4.905,1.931700E-06,1.561000E-06
4.907,2.483600E-06,1.564800E-06
4.911,2.483600E-06,1.541500E-06
4.913,1.931700E-06,1.493100E-06
4.917,1.793700E-06,1.424300E-06
4.919,1.793700E-06,1.342400E-06
4.923,1.379800E-06,1.257000E-06
4.925,8.278600E-07,1.177600E-06
4.929,8.278600E-07,1.112000E-06
4.931,9.658400E-07,1.063800E-06
4.935,9.658400E-07,1.032600E-06
4.938,9.658400E-07,1.014800E-06
4.940,9.658400E-07,1.006000E-06
4.944,9.658400E-07,1.002100E-06
4.946,9.658400E-07,1.000700E-06
4.950,8.278600E-07,1.000500E-06
4.952,8.278600E-07,1.001200E-06
4.956,8.278600E-07,1.003700E-06
4.958,8.278600E-07,1.009800E-06
4.962,9.658400E-07,1.023200E-06
4.964,1.103800E-06,1.049000E-06
4.968,1.379800E-06,1.092700E-06
4.970,1.517700E-06,1.158300E-06
4.973,1.517700E-06,1.245700E-06
4.977,1.517700E-06,1.350100E-06
4.979,1.379800E-06,1.462200E-06
4.983,1.241800E-06,1.570400E-06
4.985,9.658400E-07,1.663900E-06
4.989,8.278600E-07,1.733800E-06
4.991,8.278600E-07,1.773800E-06
4.995,9.658400E-07,1.780700E-06
4.997,1.103800E-06,1.753700E-06
5.001,1.241800E-06,1.694800E-06
5.003,1.241800E-06,1.608800E-06
5.006,1.379800E-06,1.503700E-06
5.010,1.517700E-06,1.390500E-06
5.012,1.379800E-06,1.281000E-06
5.016,1.241800E-06,1.186000E-06
5.018,1.103800E-06,1.112200E-06
5.022,1.103800E-06,1.061200E-06
5.024,9.658400E-07,1.029900E-06
5.028,8.278600E-07,1.013100E-06
5.030,1.103800E-06,1.005100E-06
5.034,1.103800E-06,1.002100E-06
5.036,1.103800E-06,1.001800E-06
5.040,1.103800E-06,1.004200E-06
5.043,1.379800E-06,1.011400E-06
5.045,1.379800E-06,1.028000E-06
5.049,1.103800E-06,1.061200E-06
5.051,1.103800E-06,1.119800E-06
5.055,1.379800E-06,1.211800E-06
5.057,1.517700E-06,1.340900E-06
5.061,1.379800E-06,1.503800E-06
5.063,1.379800E-06,1.690700E-06
5.067,1.379800E-06,1.887000E-06
5.069,1.931700E-06,2.076700E-06
5.073,1.931700E-06,2.245400E-06
5.076,1.931700E-06,2.381400E-06
5.078,2.621600E-06,2.476200E-06
5.082,2.897500E-06,2.524100E-06
5.084,3.587400E-06,2.522000E-06
5.088,3.035500E-06,2.469200E-06
5.090,3.173500E-06,2.367800E-06
5.094,3.449400E-06,2.223200E-06
5.096,2.621600E-06,2.044900E-06
5.100,2.345600E-06,1.846200E-06
5.102,1.793700E-06,1.644100E-06
5.106,1.793700E-06,1.456500E-06
5.109,1.517700E-06,1.298300E-06
5.111,1.103800E-06,1.178000E-06
5.115,1.379800E-06,1.096300E-06
5.117,1.379800E-06,1.047100E-06
5.121,1.379800E-06,1.021900E-06
5.123,1.655700E-06,1.013500E-06
5.127,1.517700E-06,1.019200E-06
5.129,1.517700E-06,1.043200E-06
5.133,1.379800E-06,1.097000E-06
5.135,1.655700E-06,1.197700E-06
5.139,1.517700E-06,1.364200E-06
5.141,1.655700E-06,1.611100E-06
5.144,1.655700E-06,1.942900E-06
5.148,1.655700E-06,2.351700E-06
5.150,1.931700E-06,2.819500E-06
5.154,2.069600E-06,3.322700E-06
5.156,2.207600E-06,3.836700E-06
5.160,2.207600E-06,4.338300E-06
5.162,2.621600E-06,4.806700E-06
5.166,2.897500E-06,5.223300E-06
5.168,2.621600E-06,5.571700E-06
5.172,2.483600E-06,5.837800E-06
5.174,3.035500E-06,6.010300E-06
5.177,3.035500E-06,6.081000E-06
5.181,3.311400E-06,6.045100E-06
5.183,3.173500E-06,5.901800E-06
5.187,3.035500E-06,5.654400E-06
5.189,3.311400E-06,5.311100E-06
5.193,3.035500E-06,4.884500E-06
5.195,2.897500E-06,4.392500E-06
5.199,2.897500E-06,3.858000E-06
5.201,2.897500E-06,3.308600E-06
5.205,2.897500E-06,2.775800E-06
5.207,2.345600E-06,2.293200E-06
5.210,2.069600E-06,1.893300E-06
5.214,1.793700E-06,1.605800E-06
5.216,1.379800E-06,1.457300E-06
5.220,1.379800E-06,1.474600E-06
5.222,1.655700E-06,1.688200E-06
5.226,1.931700E-06,2.132500E-06
5.228,2.483600E-06,2.842900E-06
5.232,3.173500E-06,3.849900E-06
5.234,3.449400E-06,5.175400E-06
5.238,4.139300E-06,6.832100E-06
5.240,6.071000E-06,8.824300E-06
5.244,7.864700E-06,1.115000E-05
5.247,1.007200E-05,1.380300E-05
5.249,1.283200E-05,1.676800E-05
5.253,1.628100E-05,2.002400E-05
5.255,2.028300E-05,2.354300E-05
5.259,2.345600E-05,2.729000E-05
5.261,2.607800E-05,3.122500E-05
5.265,2.883700E-05,3.530400E-05
5.267,3.104500E-05,3.947800E-05
5.271,3.449400E-05,4.369300E-05
5.273,4.015100E-05,4.789300E-05
5.277,4.415300E-05,5.201800E-05
5.280,4.718800E-05,5.600900E-05
5.282,5.187900E-05,5.981200E-05
5.286,5.629400E-05,6.337100E-05
5.288,5.988200E-05,6.663400E-05
5.292,5.877800E-05,6.955100E-05
5.294,6.071000E-05,7.207700E-05
5.298,6.471100E-05,7.417100E-05
5.300,6.622900E-05,7.580200E-05
5.304,6.843600E-05,7.694600E-05
5.306,6.802200E-05,7.758500E-05
5.310,7.078200E-05,7.771300E-05
5.313,7.299000E-05,7.733000E-05
5.315,7.368000E-05,7.644500E-05
5.319,7.243800E-05,7.507300E-05
5.321,7.064400E-05,7.323800E-05
5.325,7.064400E-05,7.097000E-05
5.327,6.691900E-05,6.830400E-05
5.331,6.346900E-05,6.528300E-05
5.333,5.919200E-05,6.195200E-05
5.337,5.491500E-05,5.836300E-05
5.339,5.077500E-05,5.456800E-05
5.343,4.718800E-05,5.062300E-05
5.345,4.401500E-05,4.658500E-05
5.348,3.890900E-05,4.251000E-05
5.352,3.490800E-05,3.845300E-05
5.354,3.297600E-05,3.446700E-05
5.358,3.007900E-05,3.059700E-05
5.360,2.566400E-05,2.688900E-05
5.364,2.262800E-05,2.338300E-05
5.366,2.014500E-05,2.011200E-05
5.370,1.862700E-05,1.710500E-05
5.372,1.531500E-05,1.438100E-05
5.376,1.297000E-05,1.195200E-05
5.378,1.145200E-05,9.823800E-06
5.381,1.048600E-05,7.995200E-06
5.385,8.554500E-06,6.460100E-06
5.387,6.484900E-06,5.206900E-06
5.391,5.657000E-06,4.219200E-06
5.393,4.691200E-06,3.476400E-06
5.397,4.415300E-06,2.954300E-06
5.399,3.725400E-06,2.626200E-06
5.403,3.173500E-06,2.463900E-06
5.405,2.621600E-06,2.437900E-06
5.409,2.483600E-06,2.518700E-06
5.411,2.345600E-06,2.677200E-06
5.415,1.655700E-06,2.885600E-06
5.418,1.379800E-06,3.117900E-06
5.420,1.793700E-06,3.351100E-06
5.424,2.345600E-06,3.565000E-06
5.426,2.621600E-06,3.743400E-06
5.430,3.035500E-06,3.873600E-06
5.432,3.587400E-06,3.946300E-06
5.436,3.449400E-06,3.956400E-06
5.438,3.035500E-06,3.902000E-06
5.442,3.035500E-06,3.784700E-06
5.444,2.621600E-06,3.609300E-06
5.448,2.621600E-06,3.383000E-06
5.451,2.897500E-06,3.115400E-06
5.453,3.311400E-06,2.818100E-06
5.457,3.587400E-06,2.504600E-06
5.459,3.035500E-06,2.190400E-06
5.463,3.173500E-06,1.892600E-06
5.465,2.897500E-06,1.628100E-06
5.469,2.069600E-06,1.410400E-06
5.471,1.517700E-06,1.246400E-06
5.475,1.241800E-06,1.134600E-06
5.477,1.241800E-06,1.066300E-06
5.481,1.103800E-06,1.029300E-06
5.484,1.103800E-06,1.011700E-06
5.486,9.658400E-07,1.004800E-06
5.490,1.241800E-06,1.003900E-06
5.492,1.379800E-06,1.007700E-06
5.496,1.379800E-06,1.018100E-06
5.498,1.379800E-06,1.038900E-06
5.502,1.655700E-06,1.075200E-06
5.504,1.931700E-06,1.130800E-06
5.508,1.655700E-06,1.206000E-06
5.510,1.793700E-06,1.296800E-06
5.514,2.207600E-06,1.394500E-06
5.516,2.207600E-06,1.488500E-06
5.519,1.931700E-06,1.568100E-06
5.523,1.655700E-06,1.625100E-06
5.525,1.655700E-06,1.654000E-06
5.529,1.517700E-06,1.652500E-06
5.531,1.103800E-06,1.620600E-06
5.535,1.241800E-06,1.561400E-06
5.537,1.241800E-06,1.480400E-06
5.541,1.241800E-06,1.386100E-06
5.543,1.655700E-06,1.288900E-06
5.547,1.655700E-06,1.199300E-06
5.549,1.655700E-06,1.125500E-06
5.552,1.517700E-06,1.071500E-06
5.556,1.517700E-06,1.036500E-06
5.558,1.517700E-06,1.016600E-06
5.562,1.103800E-06,1.006700E-06
5.564,9.658400E-07,1.002400E-06
5.568,9.658400E-07,1.000700E-06
5.570,9.658400E-07,1.000200E-06
5.574,8.278600E-07,1.000000E-06
5.576,8.278600E-07,1.000000E-06
5.580,8.278600E-07,1.000000E-06
5.582,9.658400E-07,1.000000E-06
5.585,9.658400E-07,1.000200E-06
5.589,1.241800E-06,1.000500E-06
5.591,1.379800E-06,1.001400E-06
5.595,1.517700E-06,1.003600E-06
5.597,1.517700E-06,1.007900E-06
5.601,1.379800E-06,1.015200E-06
5.603,1.379800E-06,1.025900E-06
5.607,1.103800E-06,1.039100E-06
5.609,9.658400E-07,1.052300E-06
5.613,1.241800E-06,1.062300E-06
5.615,1.241800E-06,1.066100E-06
5.619,1.241800E-06,1.062600E-06
5.622,1.241800E-06,1.052900E-06
5.624,1.379800E-06,1.039900E-06
5.628,1.379800E-06,1.026700E-06
5.630,1.103800E-06,1.015900E-06
5.634,1.103800E-06,1.008300E-06
5.636,1.103800E-06,1.003900E-06
5.640,1.103800E-06,1.001600E-06
5.642,9.658400E-07,1.000600E-06
5.646,9.658400E-07,1.000200E-06
5.648,8.278600E-07,1.000000E-06
5.652,8.278600E-07,1.000000E-06
5.655,9.658400E-07,1.000000E-06
5.657,9.658400E-07,1.000000E-06
5.661,9.658400E-07,1.000000E-06
5.663,9.658400E-07,1.000000E-06
5.667,9.658400E-07,1.000000E-06
5.669,9.658400E-07,1.000000E-06
5.673,8.278600E-07,1.000000E-06
5.675,8.278600E-07,1.000000E-06
5.679,8.278600E-07,1.000000E-06
5.681,8.278600E-07,1.000000E-06
5.685,1.103800E-06,1.000000E-06
5.688,1.103800E-06,1.000000E-06
5.690,1.517700E-06,1.000000E-06
5.694,1.655700E-06,1.000000E-06
5.696,1.655700E-06,1.000000E-06
5.700,1.655700E-06,1.000000E-06
5.702,1.379800E-06,1.000000E-06
5.706,1.379800E-06,1.000000E-06
5.708,9.658400E-07,1.000000E-06
5.712,8.278600E-07,1.000000E-06
5.714,8.278600E-07,1.000000E-06
5.718,8.278600E-07,1.000000E-06
5.720,8.278600E-07,1.000000E-06
5.723,8.278600E-07,1.000000E-06
5.727,8.278600E-07,1.000000E-06
5.729,8.278600E-07,1.000000E-06
5.733,8.278600E-07,1.000000E-06
5.735,8.278600E-07,1.000000E-06
5.739,9.658400E-07,1.000000E-06
5.741,9.658400E-07,1.000000E-06
5.745,9.658400E-07,1.000000E-06
5.747,9.658400E-07,1.000000E-06
5.751,9.658400E-07,1.000000E-06
5.753,9.658400E-07,1.000000E-06
5.756,8.278600E-07,1.000000E-06
5.760,9.658400E-07,1.000000E-06
5.762,9.658400E-07,1.000000E-06
5.766,1.103800E-06,1.000000E-06
5.768,1.241800E-06,1.000000E-06
5.772,1.241800E-06,1.000000E-06
5.774,1.241800E-06,1.000000E-06
5.778,1.103800E-06,1.000000E-06
5.780,1.103800E-06,1.000000E-06
5.784,9.658400E-07,1.000000E-06
5.786,8.278600E-07,1.000000E-06
5.790,8.278600E-07,1.000000E-06
5.793,8.278600E-07,1.000000E-06
5.795,8.278600E-07,1.000000E-06
5.799,8.278600E-07,1.000000E-06
5.801,9.658400E-07,1.000000E-06
5.805,9.658400E-07,1.000000E-06
5.807,1.241800E-06,1.000000E-06
5.811,1.379800E-06,1.000000E-06
5.813,1.379800E-06,1.000000E-06
5.817,1.379800E-06,1.000000E-06
5.819,1.241800E-06,1.000000E-06
5.823,1.517700E-06,1.000000E-06
5.826,1.241800E-06,1.000000E-06
5.828,1.103800E-06,1.000000E-06
5.832,1.103800E-06,1.000000E-06
5.834,1.103800E-06,1.000000E-06
5.838,1.103800E-06,1.000000E-06
5.840,8.278600E-07,1.000000E-06
5.844,8.278600E-07,1.000000E-06
5.846,8.278600E-07,1.000000E-06
5.850,8.278600E-07,1.000000E-06
5.852,9.658400E-07,1.000000E-06
5.856,9.658400E-07,1.000000E-06
5.859,9.658400E-07,1.000000E-06
5.861,9.658400E-07,1.000000E-06
5.865,9.658400E-07,1.000000E-06
5.867,9.658400E-07,1.000000E-06
5.871,9.658400E-07,1.000000E-06
5.873,9.658400E-07,1.000000E-06
5.877,9.658400E-07,1.000000E-06
5.879,1.103800E-06,1.000000E-06
5.883,1.103800E-06,1.000000E-06
5.885,1.103800E-06,1.000000E-06
5.889,9.658400E-07,1.000000E-06
5.891,9.658400E-07,1.000000E-06
5.894,9.658400E-07,1.000000E-06
5.898,8.278600E-07,1.000000E-06
5.900,8.278600E-07,1.000000E-06
5.904,8.278600E-07,1.000000E-06
5.906,8.278600E-07,1.000000E-06
5.910,8.278600E-07,1.000000E-06
5.912,8.278600E-07,1.000000E-06
5.916,8.278600E-07,1.000000E-06
5.918,8.278600E-07,1.000000E-06
5.922,8.278600E-07,1.000000E-06
5.924,8.278600E-07,1.000000E-06
5.927,8.278600E-07,1.000000E-06
5.931,8.278600E-07,1.000000E-06
5.933,8.278600E-07,1.000000E-06
5.937,9.658400E-07,1.000000E-06
5.939,9.658400E-07,1.000000E-06
5.943,9.658400E-07,1.000000E-06
5.945,9.658400E-07,1.000000E-06
5.949,9.658400E-07,1.000000E-06
5.951,9.658400E-07,1.000000E-06
5.955,8.278600E-07,1.000000E-06
5.957,8.278600E-07,1.000000E-06
5.960,8.278600E-07,1.000000E-06
5.964,9.658400E-07,1.000000E-06
5.966,9.658400E-07,1.000000E-06
5.970,9.658400E-07,1.000000E-06
5.972,9.658400E-07,1.000000E-06
5.976,9.658400E-07,1.000000E-06
5.978,9.658400E-07,1.000000E-06
5.982,8.278600E-07,1.000000E-06
5.984,8.278600E-07,1.000000E-06
5.988,8.278600E-07,1.000000E-06
5.990,8.278600E-07,1.000000E-06
5.994,8.278600E-07,1.000000E-06
5.997,8.278600E-07,1.000000E-06
5.999,8.278600E-07,1.000000E-06
6.003,8.278600E-07,1.000000E-06
6.005,8.278600E-07,1.000000E-06
6.009,8.278600E-07,1.000000E-06
6.011,9.658400E-07,1.000000E-06
6.015,9.658400E-07,1.000000E-06
6.017,9.658400E-07,1.000000E-06
6.021,9.658400E-07,1.000000E-06
6.023,9.658400E-07,1.000000E-06
6.027,9.658400E-07,1.000000E-06
6.030,8.278600E-07,1.000000E-06
6.032,8.278600E-07,1.000000E-06
6.036,8.278600E-07,1.000000E-06
6.038,9.658400E-07,1.000000E-06
6.042,9.658400E-07,1.000000E-06
6.044,9.658400E-07,1.000000E-06
6.048,9.658400E-07,1.000000E-06
6.050,9.658400E-07,1.000000E-06
6.054,9.658400E-07,1.000000E-06
6.056,8.278600E-07,1.000000E-06
6.060,8.278600E-07,1.000000E-06
6.063,8.278600E-07,1.000000E-06
6.065,8.278600E-07,1.000000E-06
6.069,8.278600E-07,1.000000E-06
6.071,8.278600E-07,1.000000E-06
6.075,8.278600E-07,1.000000E-06
6.077,9.658400E-07,1.000000E-06
6.081,9.658400E-07,1.000000E-06
6.083,1.241800E-06,1.000000E-06
6.087,1.241800E-06,1.000000E-06
6.089,1.241800E-06,1.000000E-06
6.093,1.241800E-06,1.000000E-06
6.095,1.103800E-06,1.000000E-06
6.098,1.103800E-06,1.000000E-06
6.102,8.278600E-07,1.000000E-06
6.104,8.278600E-07,1.000000E-06
6.108,8.278600E-07,1.000000E-06
6.110,8.278600E-07,1.000000E-06
6.114,8.278600E-07,1.000000E-06
6.116,8.278600E-07,1.000000E-06
6.120,8.278600E-07,1.000000E-06
6.122,1.103800E-06,1.000000E-06
6.126,1.103800E-06,1.000000E-06
6.128,1.103800E-06,1.000000E-06
6.131,1.103800E-06,1.000000E-06
6.135,1.103800E-06,1.000000E-06
6.137,1.103800E-06,1.000000E-06
6.141,8.278600E-07,1.000000E-06
6.143,8.278600E-07,1.000000E-06
6.147,8.278600E-07,1.000000E-06
6.149,8.278600E-07,1.000000E-06
6.153,8.278600E-07,1.000000E-06
6.155,8.278600E-07,1.000000E-06
6.159,8.278600E-07,1.000000E-06
6.161,8.278600E-07,1.000000E-06
6.165,8.278600E-07,1.000000E-06
6.168,1.103800E-06,1.000000E-06
6.170,1.241800E-06,1.000000E-06
6.174,1.241800E-06,1.000000E-06
6.176,1.241800E-06,1.000000E-06
6.180,1.379800E-06,1.000000E-06
6.182,1.379800E-06,1.000000E-06
6.186,1.103800E-06,1.000000E-06
6.188,9.658400E-07,1.000000E-06
6.192,9.658400E-07,1.000000E-06
6.194,9.658400E-07,1.000000E-06
6.198,1.103800E-06,1.000000E-06
6.201,1.103800E-06,1.000000E-06
6.203,1.103800E-06,1.000000E-06
6.207,1.103800E-06,1.000000E-06
6.209,1.103800E-06,1.000000E-06
6.213,1.241800E-06,1.000000E-06
6.215,9.658400E-07,1.000000E-06
6.219,1.103800E-06,1.000000E-06
6.221,1.655700E-06,1.000000E-06
6.225,1.655700E-06,1.000000E-06
6.227,1.655700E-06,1.000000E-06
6.231,1.517700E-06,1.000000E-06
6.234,1.517700E-06,1.000000E-06
6.236,1.379800E-06,1.000000E-06
6.240,8.278600E-07,1.000000E-06
6.242,8.278600E-07,1.000000E-06
6.246,8.278600E-07,1.000000E-06
6.248,8.278600E-07,1.000000E-06
6.252,8.278600E-07,1.000000E-06
6.254,8.278600E-07,1.000000E-06
6.258,8.278600E-07,1.000000E-06
6.260,9.658400E-07,1.000000E-06
6.264,9.658400E-07,1.000000E-06
6.266,9.658400E-07,1.000000E-06
6.269,9.658400E-07,1.000000E-06
6.273,9.658400E-07,1.000000E-06
6.275,9.658400E-07,1.000000E-06
6.279,9.658400E-07,1.000000E-06
6.281,1.241800E-06,1.000000E-06
6.285,1.241800E-06,1.000000E-06
6.287,1.241800E-06,1.000000E-06
6.291,1.241800E-06,1.000000E-06
6.293,1.241800E-06,1.000000E-06
6.297,1.241800E-06,1.000000E-06
6.299,9.658400E-07,1.000000E-06
6.302,9.658400E-07,1.000000E-06
6.306,9.658400E-07,1.000000E-06
6.308,9.658400E-07,1.000000E-06
6.312,1.103800E-06,1.000000E-06
6.314,9.658400E-07,1.000000E-06
6.318,9.658400E-07,1.000000E-06
6.320,9.658400E-07,1.000000E-06
6.324,9.658400E-07,1.000000E-06
6.326,9.658400E-07,1.000000E-06
6.330,8.278600E-07,1.000000E-06
6.332,8.278600E-07,1.000000E-06
6.335,1.103800E-06,1.000000E-06
6.339,1.103800E-06,1.000000E-06
6.341,1.241800E-06,1.000000E-06
6.345,1.241800E-06,1.000000E-06
6.347,1.241800E-06,1.000000E-06
6.351,1.241800E-06,1.000000E-06
6.353,9.658400E-07,1.000000E-06
6.357,9.658400E-07,1.000000E-06
6.359,8.278600E-07,1.000000E-06
6.363,8.278600E-07,1.000000E-06
6.365,8.278600E-07,1.000000E-06
6.369,8.278600E-07,1.000000E-06
6.372,8.278600E-07,1.000000E-06
6.374,1.103800E-06,1.000000E-06
6.378,1.103800E-06,1.000000E-06
6.380,1.103800E-06,1.000000E-06
6.384,1.103800E-06,1.000000E-06
6.386,1.103800E-06,1.000000E-06
6.390,1.103800E-06,1.000000E-06
6.392,8.278600E-07,1.000000E-06
6.396,8.278600E-07,1.000000E-06
6.398,8.278600E-07,1.000000E-06
6.402,8.278600E-07,1.000000E-06
6.405,8.278600E-07,1.000000E-06
6.407,8.278600E-07,1.000000E-06
6.411,1.241800E-06,1.000000E-06
6.413,1.241800E-06,1.000000E-06
6.417,1.241800E-06,1.000000E-06
6.419,1.241800E-06,1.000000E-06
6.423,1.379800E-06,1.000000E-06
6.425,1.379800E-06,1.000000E-06
6.429,9.658400E-07,1.000000E-06
6.431,9.658400E-07,1.000000E-06
6.435,9.658400E-07,1.000000E-06
6.438,9.658400E-07,1.000000E-06
6.440,8.278600E-07,1.000000E-06
6.444,8.278600E-07,1.000000E-06
6.446,8.278600E-07,1.000000E-06
6.450,8.278600E-07,1.000000E-06
6.452,1.103800E-06,1.000000E-06
6.456,1.103800E-06,1.000000E-06
6.458,1.103800E-06,1.000000E-06
6.462,1.103800E-06,1.000000E-06
6.464,1.103800E-06,1.000000E-06
6.468,1.103800E-06,1.000000E-06
6.470,8.278600E-07,1.000000E-06
6.473,8.278600E-07,1.000000E-06
6.477,8.278600E-07,1.000000E-06
6.479,8.278600E-07,1.000000E-06
6.483,9.658400E-07,1.000000E-06
6.485,1.103800E-06,1.000000E-06
6.489,1.103800E-06,1.000000E-06
6.491,1.241800E-06,1.000000E-06
6.495,1.379800E-06,1.000000E-06
6.497,2.069600E-06,1.000000E-06
6.501,1.931700E-06,1.000000E-06
6.503,1.793700E-06,1.000000E-06
6.506,1.931700E-06,1.000000E-06
6.510,1.793700E-06,1.000000E-06
6.512,1.793700E-06,1.000000E-06
6.516,1.241800E-06,1.000000E-06
6.518,1.241800E-06,1.000000E-06
6.522,1.241800E-06,1.000000E-06
6.524,1.103800E-06,1.000000E-06
6.528,1.103800E-06,1.000000E-06
6.530,9.658400E-07,1.000000E-06
6.534,8.278600E-07,1.000000E-06
6.536,8.278600E-07,1.000000E-06
6.540,8.278600E-07,1.000000E-06
6.543,8.278600E-07,1.000000E-06
6.545,8.278600E-07,1.000000E-06
6.549,8.278600E-07,1.000000E-06
6.551,8.278600E-07,1.000000E-06
6.555,8.278600E-07,1.000000E-06
6.557,8.278600E-07,1.000000E-06
6.561,9.658400E-07,1.000000E-06
6.563,9.658400E-07,1.000000E-06
6.567,9.658400E-07,1.000000E-06
6.569,9.658400E-07,1.000000E-06
6.573,9.658400E-07,1.000000E-06
6.576,9.658400E-07,1.000000E-06
6.578,8.278600E-07,1.000000E-06
6.582,8.278600E-07,1.000000E-06
6.584,8.278600E-07,1.000000E-06
6.588,8.278600E-07,1.000000E-06
6.590,8.278600E-07,1.000000E-06
6.594,8.278600E-07,1.000000E-06
6.596,8.278600E-07,1.000000E-06
6.600,9.658400E-07,1.000000E-06
6.602,9.658400E-07,1.000000E-06
6.606,9.658400E-07,1.000000E-06
6.609,9.658400E-07,1.000000E-06
6.611,9.658400E-07,1.000000E-06
6.615,9.658400E-07,1.000000E-06
6.617,8.278600E-07,1.000000E-06
6.621,1.103800E-06,1.000000E-06
6.623,1.103800E-06,1.000000E-06
6.627,1.103800E-06,1.000000E-06
6.629,1.241800E-06,1.000000E-06
6.633,1.241800E-06,1.000000E-06
6.635,1.241800E-06,1.000000E-06
6.639,9.658400E-07,1.000000E-06
6.641,9.658400E-07,1.000000E-06
6.644,9.658400E-07,1.000000E-06
6.648,8.278600E-07,1.000000E-06
6.650,8.278600E-07,1.000000E-06
6.654,8.278600E-07,1.000000E-06
6.656,8.278600E-07,1.000000E-06
6.660,8.278600E-07,1.000000E-06
6.662,8.278600E-07,1.000000E-06
6.666,8.278600E-07,1.000000E-06
6.668,8.278600E-07,1.000000E-06
6.672,8.278600E-07,1.000000E-06
6.674,1.103800E-06,1.000000E-06
6.677,1.103800E-06,1.000000E-06
6.681,1.241800E-06,1.000000E-06
6.683,1.517700E-06,1.000000E-06
6.687,1.517700E-06,1.000000E-06
6.689,1.517700E-06,1.000000E-06
6.693,1.241800E-06,1.000000E-06
6.695,1.379800E-06,1.000000E-06
6.699,1.241800E-06,1.000000E-06
6.701,1.103800E-06,1.000000E-06
6.705,1.103800E-06,1.000000E-06
6.707,1.103800E-06,1.000000E-06
6.710,1.103800E-06,1.000000E-06
6.714,9.658400E-07,1.000000E-06
6.716,9.658400E-07,1.000000E-06
6.720,9.658400E-07,1.000000E-06
6.722,9.658400E-07,1.000000E-06
6.726,9.658400E-07,1.000000E-06
6.728,9.658400E-07,1.000000E-06
6.732,9.658400E-07,1.000000E-06
6.734,1.103800E-06,1.000000E-06
6.738,1.103800E-06,1.000000E-06
6.740,1.103800E-06,1.000000E-06
6.744,1.103800E-06,1.000000E-06
6.747,1.379800E-06,1.000000E-06
6.749,1.379800E-06,1.000000E-06
6.753,1.241800E-06,1.000000E-06
6.755,1.103800E-06,1.000000E-06
6.759,1.241800E-06,1.000000E-06
6.761,1.241800E-06,1.000000E-06
6.765,1.103800E-06,1.000000E-06
6.767,1.103800E-06,1.000000E-06
6.771,1.241800E-06,1.000000E-06
6.773,1.241800E-06,1.000000E-06
6.777,1.103800E-06,1.000000E-06
6.780,1.241800E-06,1.000000E-06
6.782,1.379800E-06,1.000000E-06
6.786,1.379800E-06,1.000000E-06
6.788,1.517700E-06,1.000000E-06
6.792,1.517700E-06,1.000000E-06
6.794,1.517700E-06,1.000000E-06
6.798,1.379800E-06,1.000000E-06
6.800,1.103800E-06,1.000000E-06
6.804,1.241800E-06,1.000000E-06
6.806,9.658400E-07,1.000000E-06
6.810,9.658400E-07,1.000000E-06
6.813,9.658400E-07,1.000000E-06
6.815,9.658400E-07,1.000000E-06
6.819,1.379800E-06,1.000000E-06
6.821,1.241800E-06,1.000000E-06
6.825,1.241800E-06,1.000000E-06
6.827,1.241800E-06,1.000000E-06
6.831,1.241800E-06,1.000000E-06
6.833,1.379800E-06,1.000000E-06
6.837,9.658400E-07,1.000000E-06
6.839,1.103800E-06,1.000000E-06
6.843,1.241800E-06,1.000000E-06
6.845,1.241800E-06,1.000000E-06
6.848,1.517700E-06,1.000000E-06
6.852,1.517700E-06,1.000000E-06
6.854,1.655700E-06,1.000000E-06
6.858,1.517700E-06,1.000000E-06
6.860,1.379800E-06,1.000000E-06
6.864,1.379800E-06,1.000000E-06
6.866,1.379800E-06,1.000000E-06
6.870,1.517700E-06,1.000000E-06
6.872,1.379800E-06,1.000000E-06
6.876,1.379800E-06,1.000000E-06
6.878,1.379800E-06,1.000000E-06
6.881,1.517700E-06,1.000000E-06
6.885,1.241800E-06,1.000000E-06
6.887,9.658400E-07,1.000000E-06
6.891,9.658400E-07,1.000000E-06
6.893,9.658400E-07,1.000000E-06
6.897,9.658400E-07,1.000000E-06
6.899,9.658400E-07,1.000000E-06
6.903,1.241800E-06,1.000000E-06
6.905,1.241800E-06,1.000000E-06
6.909,1.379800E-06,1.000000E-06
6.911,1.517700E-06,1.000000E-06
6.915,1.517700E-06,1.000000E-06
6.918,1.517700E-06,1.000000E-06
6.920,1.241800E-06,1.000000E-06
6.924,1.793700E-06,1.000000E-06
6.926,1.655700E-06,1.000000E-06
6.930,2.069600E-06,1.000000E-06
6.932,2.069600E-06,1.000000E-06
6.936,2.345600E-06,1.000000E-06
6.938,2.345600E-06,1.000000E-06
6.942,1.793700E-06,1.000000E-06
6.944,1.931700E-06,1.000000E-06
6.948,1.517700E-06,1.000000E-06
6.951,1.793700E-06,1.000000E-06
6.953,1.655700E-06,1.000000E-06
6.957,1.793700E-06,1.000000E-06
6.959,1.793700E-06,1.000000E-06
6.963,2.207600E-06,1.000000E-06
6.965,2.069600E-06,1.000000E-06
6.969,1.793700E-06,1.000000E-06
6.971,1.517700E-06,1.000000E-06
6.975,1.517700E-06,1.000000E-06
6.977,2.069600E-06,1.000100E-06
6.981,1.655700E-06,1.000500E-06
6.984,1.793700E-06,1.001700E-06
6.986,1.793700E-06,1.005200E-06
6.990,1.793700E-06,1.014400E-06
6.992,1.655700E-06,1.035100E-06
6.996,1.103800E-06,1.076500E-06
6.998,1.103800E-06,1.150200E-06
7.002,9.658400E-07,1.267600E-06
7.004,1.103800E-06,1.436800E-06
7.008,1.655700E-06,1.660000E-06
7.010,1.793700E-06,1.933400E-06
7.014,2.345600E-06,2.248700E-06
7.016,2.345600E-06,2.596200E-06
7.019,3.173500E-06,2.966600E-06
7.023,4.001300E-06,3.351500E-06
7.025,4.415300E-06,3.743900E-06
7.029,5.381100E-06,4.137000E-06
7.031,5.933000E-06,4.524400E-06
7.035,7.864700E-06,4.899800E-06
7.037,8.554500E-06,5.257400E-06
7.041,8.416600E-06,5.591100E-06
7.043,8.278600E-06,5.895700E-06
7.047,8.416600E-06,6.166100E-06
7.049,8.554500E-06,6.397800E-06
7.052,8.416600E-06,6.587200E-06
7.056,8.278600E-06,6.731300E-06
7.058,8.692500E-06,6.828100E-06
7.062,9.658400E-06,6.876400E-06
7.064,9.934300E-06,6.875800E-06
7.068,9.658400E-06,6.826700E-06
7.070,8.692500E-06,6.730400E-06
7.074,8.002600E-06,6.589000E-06
7.076,8.278600E-06,6.405400E-06
7.080,7.864700E-06,6.183200E-06
7.082,6.760900E-06,5.926900E-06
7.085,7.174800E-06,5.641000E-06
7.089,7.174800E-06,5.330300E-06
7.091,6.898800E-06,4.999800E-06
7.095,6.622900E-06,4.654500E-06
7.097,5.381100E-06,4.299500E-06
7.101,5.795000E-06,3.940100E-06
7.103,5.657000E-06,3.581400E-06
7.107,4.691200E-06,3.228300E-06
7.109,4.415300E-06,2.885700E-06
7.113,3.725400E-06,2.558100E-06
7.115,3.587400E-06,2.250100E-06
7.119,3.035500E-06,1.967100E-06
7.122,1.931700E-06,1.714900E-06
7.124,1.931700E-06,1.499700E-06
7.128,1.793700E-06,1.326600E-06
7.130,1.379800E-06,1.197200E-06
7.134,1.655700E-06,1.108900E-06
7.136,1.379800E-06,1.054400E-06
7.140,1.241800E-06,1.024400E-06
7.142,1.241800E-06,1.009700E-06
7.146,1.241800E-06,1.003400E-06
7.148,1.103800E-06,1.001100E-06
7.152,8.278600E-07,1.000300E-06
7.155,8.278600E-07,1.000100E-06
7.157,8.278600E-07,1.000000E-06
7.161,8.278600E-07,1.000000E-06
7.163,8.278600E-07,1.000000E-06
7.167,1.103800E-06,1.000000E-06
7.169,1.103800E-06,1.000000E-06
7.173,1.103800E-06,1.000000E-06
7.175,1.103800E-06,1.000000E-06
7.179,1.103800E-06,1.000000E-06
7.181,1.103800E-06,1.000000E-06
7.185,8.278600E-07,1.000000E-06
7.188,8.278600E-07,1.000000E-06
7.190,8.278600E-07,1.000000E-06
7.194,9.658400E-07,1.000000E-06
7.196,9.658400E-07,1.000000E-06
7.200,9.658400E-07,1.000000E-06
7.202,9.658400E-07,1.000000E-06
7.206,9.658400E-07,1.000000E-06
7.208,9.658400E-07,1.000000E-06
7.212,8.278600E-07,1.000000E-06
7.214,8.278600E-07,1.000000E-06
7.218,8.278600E-07,1.000000E-06
7.220,8.278600E-07,1.000000E-06
7.223,8.278600E-07,1.000000E-06
7.227,8.278600E-07,1.000000E-06
7.229,8.278600E-07,1.000000E-06
7.233,8.278600E-07,1.000000E-06
7.235,8.278600E-07,1.000000E-06
7.239,8.278600E-07,1.000000E-06
7.241,8.278600E-07,1.000000E-06
7.245,8.278600E-07,1.000000E-06
7.247,8.278600E-07,1.000000E-06
7.251,8.278600E-07,1.000000E-06
7.253,8.278600E-07,1.000000E-06
7.256,8.278600E-07,1.000000E-06
7.260,8.278600E-07,1.000000E-06
7.262,8.278600E-07,1.000000E-06
7.266,9.658400E-07,1.000000E-06
7.268,9.658400E-07,1.000000E-06
7.272,1.241800E-06,1.000000E-06
7.274,1.241800E-06,1.000000E-06
7.278,1.241800E-06,1.000000E-06
7.280,1.379800E-06,1.000000E-06
7.284,1.241800E-06,1.000000E-06
7.286,1.241800E-06,1.000000E-06
7.290,1.103800E-06,1.000000E-06
7.293,1.103800E-06,1.000000E-06
7.295,1.103800E-06,1.000000E-06
7.299,9.658400E-07,1.000000E-06
7.301,9.658400E-07,1.000000E-06
7.305,9.658400E-07,1.000000E-06
7.307,8.278600E-07,1.000000E-06
7.311,8.278600E-07,1.000000E-06
7.313,8.278600E-07,1.000000E-06
7.317,8.278600E-07,1.000000E-06
7.319,8.278600E-07,1.000000E-06
7.323,8.278600E-07,1.000000E-06
7.326,8.278600E-07,1.000000E-06
7.328,8.278600E-07,1.000000E-06
7.332,8.278600E-07,1.000000E-06
7.334,8.278600E-07,1.000000E-06
7.338,8.278600E-07,1.000000E-06
7.340,8.278600E-07,1.000000E-06
7.344,8.278600E-07,1.000000E-06
7.346,8.278600E-07,1.000000E-06
7.350,8.278600E-07,1.000000E-06
7.352,8.278600E-07,1.000000E-06
7.356,8.278600E-07,1.000000E-06
7.359,9.658400E-07,1.000000E-06
7.361,9.658400E-07,1.000000E-06
7.365,9.658400E-07,1.000000E-06
7.367,9.658400E-07,1.000000E-06
7.371,1.103800E-06,1.000000E-06
7.373,1.103800E-06,1.000000E-06
7.377,9.658400E-07,1.000000E-06
7.379,9.658400E-07,1.000000E-06
7.383,9.658400E-07,1.000000E-06
7.385,9.658400E-07,1.000000E-06
7.389,8.278600E-07,1.000000E-06
7.391,8.278600E-07,1.000000E-06
7.394,8.278600E-07,1.000000E-06
7.398,8.278600E-07,1.000000E-06
7.400,8.278600E-07,1.000000E-06
7.404,8.278600E-07,1.000000E-06
7.406,8.278600E-07,1.000000E-06
7.410,8.278600E-07,1.000000E-06
7.412,8.278600E-07,1.000000E-06
7.416,8.278600E-07,1.000000E-06
7.418,8.278600E-07,1.000000E-06
7.422,8.278600E-07,1.000000E-06
7.424,8.278600E-07,1.000000E-06
7.427,8.278600E-07,1.000000E-06
7.431,8.278600E-07,1.000000E-06
7.433,8.278600E-07,1.000000E-06
7.437,8.278600E-07,1.000000E-06
7.439,8.278600E-07,1.000000E-06
7.443,8.278600E-07,1.000000E-06
7.445,8.278600E-07,1.000000E-06
7.449,8.278600E-07,1.000000E-06
7.451,8.278600E-07,1.000000E-06
7.455,8.278600E-07,1.000000E-06
7.457,8.278600E-07,1.000000E-06
7.460,8.278600E-07,1.000000E-06
7.464,8.278600E-07,1.000000E-06
7.466,8.278600E-07,1.000000E-06
7.470,8.278600E-07,1.000000E-06
7.472,8.278600E-07,1.000000E-06
7.476,8.278600E-07,1.000000E-06
7.478,8.278600E-07,1.000000E-06
7.482,9.658400E-07,1.000000E-06
7.484,9.658400E-07,1.000000E-06
7.488,9.658400E-07,1.000000E-06
7.490,9.658400E-07,1.000000E-06
7.494,9.658400E-07,1.000000E-06
7.497,9.658400E-07,1.000000E-06
7.499,8.278600E-07,1.000000E-06
7.503,8.278600E-07,1.000000E-06
7.505,8.278600E-07,1.000000E-06
7.509,9.658400E-07,1.000000E-06
7.511,9.658400E-07,1.000000E-06
7.515,9.658400E-07,1.000000E-06
7.517,9.658400E-07,1.000000E-06
7.521,9.658400E-07,1.000000E-06
7.523,9.658400E-07,1.000000E-06
7.527,8.278600E-07,1.000000E-06
7.530,8.278600E-07,1.000000E-06
7.532,8.278600E-07,1.000000E-06
7.536,8.278600E-07,1.000000E-06
7.538,8.278600E-07,1.000000E-06
7.542,8.278600E-07,1.000000E-06
7.544,8.278600E-07,1.000000E-06
7.548,8.278600E-07,1.000000E-06
7.550,8.278600E-07,1.000000E-06
7.554,8.278600E-07,1.000000E-06
7.556,8.278600E-07,1.000000E-06
7.560,8.278600E-07,1.000000E-06
7.563,8.278600E-07,1.000000E-06
7.565,8.278600E-07,1.000000E-06
7.569,8.278600E-07,1.000000E-06
7.571,8.278600E-07,1.000000E-06
7.575,8.278600E-07,1.000000E-06
7.577,8.278600E-07,1.000000E-06
7.581,8.278600E-07,1.000000E-06
7.583,8.278600E-07,1.000000E-06
7.587,8.278600E-07,1.000000E-06
7.589,8.278600E-07,1.000000E-06
7.593,8.278600E-07,1.000000E-06
7.595,8.278600E-07,1.000000E-06
7.598,8.278600E-07,1.000000E-06
7.602,8.278600E-07,1.000000E-06
7.604,8.278600E-07,1.000000E-06
7.608,8.278600E-07,1.000000E-06
7.610,8.278600E-07,1.000000E-06
7.614,8.278600E-07,1.000000E-06
7.616,8.278600E-07,1.000000E-06
7.620,8.278600E-07,1.000000E-06
7.622,8.278600E-07,1.000000E-06
7.626,8.278600E-07,1.000000E-06
7.628,8.278600E-07,1.000000E-06
7.631,8.278600E-07,1.000000E-06
7.635,8.278600E-07,1.000000E-06
7.637,8.278600E-07,1.000000E-06
7.641,8.278600E-07,1.000000E-06
7.643,1.103800E-06,1.000000E-06
7.647,1.103800E-06,1.000000E-06
7.649,1.103800E-06,1.000000E-06
7.653,1.103800E-06,1.000000E-06
7.655,1.103800E-06,1.000000E-06
7.659,1.103800E-06,1.000000E-06
7.661,8.278600E-07,1.000000E-06
7.665,8.278600E-07,1.000000E-06
7.668,8.278600E-07,1.000000E-06
7.670,8.278600E-07,1.000000E-06
7.674,8.278600E-07,1.000000E-06
7.676,8.278600E-07,1.000000E-06
7.680,8.278600E-07,1.000000E-06
7.682,8.278600E-07,1.000000E-06
7.686,8.278600E-07,1.000000E-06
7.688,8.278600E-07,1.000000E-06
7.692,8.278600E-07,1.000000E-06
7.694,8.278600E-07,1.000000E-06
7.698,8.278600E-07,1.000000E-06
7.701,8.278600E-07,1.000000E-06
7.703,8.278600E-07,1.000000E-06
7.707,8.278600E-07,1.000000E-06
7.709,8.278600E-07,1.000000E-06
7.713,8.278600E-07,1.000000E-06
7.715,8.278600E-07,1.000000E-06
7.719,8.278600E-07,1.000000E-06
7.721,8.278600E-07,1.000000E-06
7.725,8.278600E-07,1.000000E-06
7.727,8.278600E-07,1.000000E-06
7.731,8.278600E-07,1.000000E-06
7.734,8.278600E-07,1.000000E-06
7.736,8.278600E-07,1.000000E-06
7.740,8.278600E-07,1.000000E-06
7.742,8.278600E-07,1.000000E-06
7.746,8.278600E-07,1.000000E-06
7.748,8.278600E-07,1.000000E-06
7.752,8.278600E-07,1.000000E-06
7.754,8.278600E-07,1.000000E-06
7.758,8.278600E-07,1.000000E-06
7.760,8.278600E-07,1.000000E-06
7.764,8.278600E-07,1.000000E-06
7.766,8.278600E-07,1.000000E-06
7.769,8.278600E-07,1.000000E-06
7.773,8.278600E-07,1.000000E-06
7.775,8.278600E-07,1.000000E-06
7.779,8.278600E-07,1.000000E-06
7.781,8.278600E-07,1.000000E-06
7.785,8.278600E-07,1.000000E-06
7.787,8.278600E-07,1.000000E-06
7.791,8.278600E-07,1.000000E-06
7.793,8.278600E-07,1.000000E-06
7.797,8.278600E-07,1.000000E-06
7.799,8.278600E-07,1.000000E-06
7.802,8.278600E-07,1.000000E-06
7.806,8.278600E-07,1.000000E-06
7.808,8.278600E-07,1.000000E-06
7.812,8.278600E-07,1.000000E-06
7.814,8.278600E-07,1.000000E-06
7.818,8.278600E-07,1.000000E-06
7.820,8.278600E-07,1.000000E-06
7.824,8.278600E-07,1.000000E-06
7.826,8.278600E-07,1.000000E-06
7.830,8.278600E-07,1.000000E-06
7.832,1.103800E-06,1.000000E-06
7.835,1.103800E-06,1.000000E-06
7.839,1.103800E-06,1.000000E-06
7.841,1.103800E-06,1.000000E-06
7.845,1.103800E-06,1.000000E-06
7.847,1.103800E-06,1.000000E-06
7.851,8.278600E-07,1.000000E-06
7.853,8.278600E-07,1.000000E-06
7.857,8.278600E-07,1.000000E-06
7.859,8.278600E-07,1.000000E-06
7.863,8.278600E-07,1.000000E-06
7.865,8.278600E-07,1.000000E-06
7.869,8.278600E-07,1.000000E-06
7.872,8.278600E-07,1.000000E-06
7.874,8.278600E-07,1.000000E-06
7.878,8.278600E-07,1.000000E-06
7.880,8.278600E-07,1.000000E-06
7.884,8.278600E-07,1.000000E-06
7.886,8.278600E-07,1.000000E-06
7.890,8.278600E-07,1.000000E-06
7.892,8.278600E-07,1.000000E-06
7.896,8.278600E-07,1.000000E-06
7.898,8.278600E-07,1.000000E-06
7.902,8.278600E-07,1.000000E-06
7.905,8.278600E-07,1.000000E-06
7.907,8.278600E-07,1.000000E-06
7.911,8.278600E-07,1.000000E-06
7.913,1.103800E-06,1.000000E-06
7.917,1.241800E-06,1.000000E-06
7.919,1.241800E-06,1.000000E-06
7.923,1.241800E-06,1.000000E-06
7.925,1.241800E-06,1.000000E-06
7.929,1.241800E-06,1.000000E-06
7.931,9.658400E-07,1.000000E-06
7.935,8.278600E-07,1.000000E-06
7.938,8.278600E-07,1.000000E-06
7.940,8.278600E-07,1.000000E-06
7.944,8.278600E-07,1.000000E-06
7.946,8.278600E-07,1.000000E-06
7.950,8.278600E-07,1.000000E-06
7.952,8.278600E-07,1.000000E-06
7.956,8.278600E-07,1.000000E-06
7.958,8.278600E-07,1.000000E-06
7.962,8.278600E-07,1.000000E-06
7.964,8.278600E-07,1.000000E-06
7.968,8.278600E-07,1.000000E-06
7.970,8.278600E-07,1.000000E-06
7.973,8.278600E-07,1.000000E-06
7.977,8.278600E-07,1.000000E-06
7.979,8.278600E-07,1.000000E-06
7.983,8.278600E-07,1.000000E-06
7.985,8.278600E-07,1.000000E-06
7.989,8.278600E-07,1.000000E-06
7.991,8.278600E-07,1.000000E-06
7.995,8.278600E-07,1.000000E-06
7.997,8.278600E-07,1.000000E-06
